-- phpMyAdmin SQL Dump
-- version 5.1.1
-- https://www.phpmyadmin.net/
--
-- Host: 127.0.0.1
-- Waktu pembuatan: 14 Des 2021 pada 07.12
-- Versi server: 10.4.20-MariaDB
-- Versi PHP: 8.0.9

SET SQL_MODE = "NO_AUTO_VALUE_ON_ZERO";
START TRANSACTION;
SET time_zone = "+00:00";


/*!40101 SET @OLD_CHARACTER_SET_CLIENT=@@CHARACTER_SET_CLIENT */;
/*!40101 SET @OLD_CHARACTER_SET_RESULTS=@@CHARACTER_SET_RESULTS */;
/*!40101 SET @OLD_COLLATION_CONNECTION=@@COLLATION_CONNECTION */;
/*!40101 SET NAMES utf8mb4 */;

--
-- Database: `db_innerflow`
--

-- --------------------------------------------------------

--
-- Struktur dari tabel `access_menu`
--

CREATE TABLE `access_menu` (
  `id` int(11) NOT NULL,
  `role_id` int(11) NOT NULL,
  `list_menu_id` int(11) NOT NULL
) ENGINE=InnoDB DEFAULT CHARSET=utf8mb4;

--
-- Dumping data untuk tabel `access_menu`
--

INSERT INTO `access_menu` (`id`, `role_id`, `list_menu_id`) VALUES
(1, 1, 1),
(2, 1, 2),
(3, 2, 2);

-- --------------------------------------------------------

--
-- Struktur dari tabel `event`
--

CREATE TABLE `event` (
  `id` int(11) NOT NULL,
  `title` varchar(128) NOT NULL,
  `Description` varchar(128) NOT NULL,
  `content` text NOT NULL,
  `category` varchar(128) NOT NULL,
  `date_created` text NOT NULL,
  `image` varchar(123) NOT NULL,
  `status` int(128) NOT NULL,
  `user_id` int(11) NOT NULL
) ENGINE=InnoDB DEFAULT CHARSET=utf8mb4;

--
-- Dumping data untuk tabel `event`
--

INSERT INTO `event` (`id`, `title`, `Description`, `content`, `category`, `date_created`, `image`, `status`, `user_id`) VALUES
(2, 'Trabar', 'Trabar adalah trading bareng', '<p style=\"text-align:justify\"><span style=\"font-size:18px\">Lorem ipsum dolor sit amet, consectetur adipiscing elit, sed do eiusmod tempor incididunt ut labore et dolore magna aliqua. Sit amet consectetur adipiscing elit. Viverra accumsan in nisl nisi scelerisque. Tristique risus nec feugiat in fermentum posuere urna nec tincidunt. Id cursus metus aliquam eleifend mi in nulla posuere sollicitudin. Nam aliquam sem et tortor consequat. Sit amet tellus cras adipiscing enim eu turpis egestas pretium. Aliquet lectus proin nibh nisl condimentum id venenatis a. Odio facilisis mauris sit amet massa vitae tortor condimentum. Amet facilisis magna etiam tempor orci eu. Enim nec dui nunc mattis enim ut. A cras semper auctor neque vitae tempus quam pellentesque. Vitae congue eu consequat ac. Donec pretium vulputate sapien nec sagittis aliquam malesuada bibendum arcu. Mattis pellentesque id nibh tortor id aliquet.</span></p>\r\n\r\n<p style=\"text-align:justify\"><span style=\"font-size:18px\">Nec dui nunc mattis enim ut tellus elementum sagittis. Id diam vel quam elementum pulvinar. Et molestie ac feugiat sed lectus vestibulum mattis ullamcorper. Scelerisque in dictum non consectetur. Nulla facilisi etiam dignissim diam quis enim lobortis scelerisque. Non arcu risus quis varius quam quisque id. Sit amet risus nullam eget felis eget nunc lobortis. Nec ultrices dui sapien eget mi proin sed libero. Sit amet tellus cras adipiscing enim eu. Adipiscing tristique risus nec feugiat in fermentum posuere urna nec. Amet consectetur adipiscing elit pellentesque habitant morbi. Et molestie ac feugiat sed lectus.</span></p>\r\n\r\n<p style=\"text-align:justify\"><span style=\"font-size:18px\">Facilisis magna etiam tempor orci eu lobortis elementum. Aliquet risus feugiat in ante metus. Massa vitae tortor condimentum lacinia. Quisque sagittis purus sit amet volutpat consequat mauris. Eget est lorem ipsum dolor sit amet. Vitae justo eget magna fermentum iaculis. Rhoncus mattis rhoncus urna neque viverra justo nec. Enim sed faucibus turpis in eu mi. A erat nam at lectus urna. Magna fermentum iaculis eu non diam phasellus vestibulum lorem. Enim neque volutpat ac tincidunt vitae semper quis lectus. Vel orci porta non pulvinar neque laoreet suspendisse interdum consectetur. Adipiscing bibendum est ultricies integer quis auctor elit sed. Tellus in metus vulputate eu scelerisque felis imperdiet proin fermentum. Vitae sapien pellentesque habitant morbi tristique senectus et netus et.</span></p>\r\n\r\n<p style=\"text-align:justify\"><span style=\"font-size:18px\">Odio aenean sed adipiscing diam. Tellus molestie nunc non blandit massa enim nec dui nunc. Aenean vel elit scelerisque mauris pellentesque pulvinar pellentesque habitant. Odio tempor orci dapibus ultrices in iaculis nunc sed. Donec et odio pellentesque diam volutpat commodo sed egestas egestas. Arcu non odio euismod lacinia at quis risus sed. Odio tempor orci dapibus ultrices. Faucibus purus in massa tempor nec. Neque volutpat ac tincidunt vitae semper quis lectus nulla at. Rhoncus est pellentesque elit ullamcorper. Cras adipiscing enim eu turpis egestas pretium aenean pharetra. Tellus integer feugiat scelerisque varius morbi enim nunc faucibus a. Duis tristique sollicitudin nibh sit amet commodo nulla. Lectus urna duis convallis convallis tellus. Eu tincidunt tortor aliquam nulla. Turpis nunc eget lorem dolor sed viverra ipsum nunc. Feugiat scelerisque varius morbi enim nunc. Pretium lectus quam id leo in vitae turpis. Gravida rutrum quisque non tellus. Iaculis nunc sed augue lacus viverra vitae.</span></p>\r\n\r\n<p style=\"text-align:justify\"><span style=\"font-size:18px\">Urna cursus eget nunc scelerisque viverra. Facilisi cras fermentum odio eu feugiat pretium nibh ipsum consequat. Tincidunt lobortis feugiat vivamus at augue eget arcu dictum. Nunc scelerisque viverra mauris in aliquam sem fringilla. Imperdiet dui accumsan sit amet nulla facilisi morbi tempus iaculis. Tortor posuere ac ut consequat semper. Fermentum posuere urna nec tincidunt. Bibendum at varius vel pharetra vel turpis nunc eget. Viverra adipiscing at in tellus. Quam vulputate dignissim suspendisse in est ante. Odio facilisis mauris sit amet massa. Ipsum consequat nisl vel pretium. Blandit cursus risus at ultrices mi tempus imperdiet. Sagittis aliquam malesuada bibendum arcu vitae elementum curabitur. Nec dui nunc mattis enim ut tellus elementum sagittis vitae. Magna ac placerat vestibulum lectus mauris ultrices eros. Commodo ullamcorper a lacus vestibulum sed.</span></p>\r\n\r\n<p style=\"text-align:justify\"><span style=\"font-size:18px\">Feugiat pretium nibh ipsum consequat. Id volutpat lacus laoreet non. Gravida arcu ac tortor dignissim convallis aenean. Ac turpis egestas sed tempus urna et pharetra. Tortor at risus viverra adipiscing. Eu ultrices vitae auctor eu augue. Imperdiet massa tincidunt nunc pulvinar sapien et. Nulla aliquet enim tortor at auctor urna. Risus nullam eget felis eget nunc. Amet justo donec enim diam vulputate ut pharetra sit. Risus commodo viverra maecenas accumsan lacus vel facilisis. Mattis pellentesque id nibh tortor id aliquet lectus. Augue lacus viverra vitae congue eu consequat. Sed egestas egestas fringilla phasellus faucibus scelerisque eleifend. Quis lectus nulla at volutpat diam ut venenatis tellus in. Vel turpis nunc eget lorem dolor sed viverra ipsum nunc. Velit ut tortor pretium viverra suspendisse potenti nullam ac tortor.</span></p>\r\n\r\n<p style=\"text-align:justify\"><span style=\"font-size:18px\">Ut diam quam nulla porttitor massa id neque aliquam. Semper eget duis at tellus at urna. Quis hendrerit dolor magna eget est lorem ipsum dolor. Turpis massa sed elementum tempus egestas sed sed. Dictumst quisque sagittis purus sit. Pellentesque id nibh tortor id. Maecenas accumsan lacus vel facilisis volutpat est velit egestas. Magna sit amet purus gravida quis blandit. Ultrices in iaculis nunc sed augue lacus viverra. Adipiscing bibendum est ultricies integer. Nibh tellus molestie nunc non.</span></p>\r\n\r\n<p style=\"text-align:justify\"><span style=\"font-size:18px\">Sapien pellentesque habitant morbi tristique. Pharetra massa massa ultricies mi. In metus vulputate eu scelerisque felis imperdiet. Placerat in egestas erat imperdiet sed euismod nisi porta. Turpis egestas maecenas pharetra convallis. Ornare suspendisse sed nisi lacus. Fermentum et sollicitudin ac orci phasellus. Turpis egestas maecenas pharetra convallis posuere. Sapien et ligula ullamcorper malesuada proin. In ante metus dictum at tempor commodo ullamcorper. Fringilla est ullamcorper eget nulla facilisi etiam dignissim. Tempor orci dapibus ultrices in iaculis. Sed arcu non odio euismod.</span></p>\r\n\r\n<p style=\"text-align:justify\"><span style=\"font-size:18px\">Risus sed vulputate odio ut enim. Varius morbi enim nunc faucibus a. Condimentum lacinia quis vel eros donec. Nibh venenatis cras sed felis eget. Amet venenatis urna cursus eget nunc. Venenatis urna cursus eget nunc scelerisque viverra. Mauris rhoncus aenean vel elit scelerisque mauris pellentesque pulvinar pellentesque. Massa placerat duis ultricies lacus sed turpis tincidunt id. Ultricies tristique nulla aliquet enim tortor at auctor. Nunc mattis enim ut tellus elementum sagittis vitae et leo. Sit amet tellus cras adipiscing. Blandit aliquam etiam erat velit. Consequat mauris nunc congue nisi vitae. Elementum integer enim neque volutpat ac. Amet massa vitae tortor condimentum lacinia quis vel.</span></p>\r\n\r\n<p style=\"text-align:justify\"><span style=\"font-size:18px\">Elit pellentesque habitant morbi tristique senectus et netus et malesuada. Magnis dis parturient montes nascetur ridiculus mus mauris vitae ultricies. Commodo odio aenean sed adipiscing. Mattis vulputate enim nulla aliquet porttitor lacus luctus accumsan tortor. Ut lectus arcu bibendum at varius vel. Enim eu turpis egestas pretium aenean. Ipsum dolor sit amet consectetur adipiscing elit ut. Massa sapien faucibus et molestie ac feugiat sed. Id neque aliquam vestibulum morbi blandit. Tellus at urna condimentum mattis pellentesque id nibh. Lacus vel facilisis volutpat est velit egestas.</span></p>\r\n\r\n<p style=\"text-align:justify\"><span style=\"font-size:18px\">A lacus vestibulum sed arcu non odio euismod. Amet cursus sit amet dictum sit. Tristique senectus et netus et malesuada fames. Volutpat maecenas volutpat blandit aliquam etiam erat velit scelerisque in. Eu feugiat pretium nibh ipsum consequat nisl vel pretium lectus. Viverra nibh cras pulvinar mattis nunc sed blandit libero. Eleifend donec pretium vulputate sapien nec sagittis. Auctor elit sed vulputate mi. Sit amet nulla facilisi morbi. Non arcu risus quis varius quam quisque.</span></p>\r\n\r\n<p style=\"text-align:justify\"><span style=\"font-size:18px\">Convallis a cras semper auctor neque vitae tempus quam pellentesque. Varius duis at consectetur lorem donec massa. Mattis pellentesque id nibh tortor id. Mattis pellentesque id nibh tortor id. Duis tristique sollicitudin nibh sit amet. Sit amet consectetur adipiscing elit ut aliquam purus. Vivamus arcu felis bibendum ut. Velit sed ullamcorper morbi tincidunt ornare massa eget egestas purus. Et odio pellentesque diam volutpat commodo sed egestas. Rhoncus dolor purus non enim praesent elementum facilisis. Sed turpis tincidunt id aliquet risus feugiat in ante metus.</span></p>\r\n\r\n<p style=\"text-align:justify\"><span style=\"font-size:18px\">Felis bibendum ut tristique et egestas quis ipsum suspendisse ultrices. Semper auctor neque vitae tempus quam pellentesque nec. Sagittis purus sit amet volutpat consequat mauris nunc. Nec sagittis aliquam malesuada bibendum arcu vitae elementum curabitur vitae. Dui vivamus arcu felis bibendum ut tristique et egestas. Tincidunt lobortis feugiat vivamus at augue. Gravida cum sociis natoque penatibus et magnis dis. Pretium viverra suspendisse potenti nullam ac. Consectetur lorem donec massa sapien faucibus et molestie ac. Non consectetur a erat nam. Eu scelerisque felis imperdiet proin. In est ante in nibh. Non sodales neque sodales ut. Diam vulputate ut pharetra sit amet aliquam id diam.</span></p>\r\n\r\n<p style=\"text-align:justify\"><span style=\"font-size:18px\">Egestas fringilla phasellus faucibus scelerisque eleifend donec pretium vulputate sapien. Lorem sed risus ultricies tristique nulla aliquet enim tortor at. Consequat mauris nunc congue nisi vitae suscipit tellus mauris a. At consectetur lorem donec massa sapien faucibus et molestie. Purus ut faucibus pulvinar elementum integer enim neque volutpat. Nisi vitae suscipit tellus mauris. Quam id leo in vitae turpis massa sed. Potenti nullam ac tortor vitae purus faucibus ornare. Mi sit amet mauris commodo quis imperdiet. Sed elementum tempus egestas sed sed risus pretium quam vulputate. Gravida in fermentum et sollicitudin ac orci phasellus egestas tellus. Elementum curabitur vitae nunc sed. Elementum facilisis leo vel fringilla est. Ac odio tempor orci dapibus ultrices in iaculis nunc. Elit eget gravida cum sociis natoque penatibus et magnis. Id ornare arcu odio ut sem. Erat nam at lectus urna. Urna et pharetra pharetra massa massa ultricies mi quis hendrerit. Quis auctor elit sed vulputate mi sit amet mauris. Sapien pellentesque habitant morbi tristique senectus et.</span></p>\r\n\r\n<p style=\"text-align:justify\"><span style=\"font-size:18px\">Ut lectus arcu bibendum at varius vel pharetra vel turpis. Nisi vitae suscipit tellus mauris a diam maecenas sed enim. Id semper risus in hendrerit gravida rutrum quisque. Mattis molestie a iaculis at erat pellentesque. Sodales ut etiam sit amet nisl. Dui sapien eget mi proin sed libero enim sed faucibus. In nulla posuere sollicitudin aliquam ultrices. Nisl tincidunt eget nullam non nisi est sit. Volutpat sed cras ornare arcu dui vivamus arcu felis. Vestibulum rhoncus est pellentesque elit ullamcorper dignissim cras tincidunt lobortis. Elit duis tristique sollicitudin nibh sit amet commodo nulla facilisi. Sit amet consectetur adipiscing elit duis. Phasellus faucibus scelerisque eleifend donec pretium vulputate. Id faucibus nisl tincidunt eget nullam non. Vestibulum morbi blandit cursus risus at ultrices.</span></p>\r\n\r\n<p style=\"text-align:justify\"><span style=\"font-size:18px\">Nullam eget felis eget nunc. Ut porttitor leo a diam sollicitudin tempor id. Id donec ultrices tincidunt arcu non. Turpis egestas integer eget aliquet nibh praesent tristique. Rutrum quisque non tellus orci ac auctor augue. Sit amet facilisis magna etiam tempor orci eu lobortis. Ornare suspendisse sed nisi lacus. Adipiscing elit duis tristique sollicitudin nibh sit amet. Pulvinar mattis nunc sed blandit libero volutpat sed cras ornare. Arcu cursus vitae congue mauris. Dui accumsan sit amet nulla facilisi morbi tempus iaculis. Fringilla urna porttitor rhoncus dolor purus non enim praesent elementum. Arcu risus quis varius quam quisque id. Est sit amet facilisis magna etiam tempor orci eu. Quis hendrerit dolor magna eget est lorem ipsum dolor. Lorem dolor sed viverra ipsum nunc aliquet. Vitae congue eu consequat ac felis donec et odio pellentesque.</span></p>\r\n\r\n<p style=\"text-align:justify\"><span style=\"font-size:18px\">Pellentesque eu tincidunt tortor aliquam nulla facilisi cras fermentum odio. Placerat in egestas erat imperdiet sed euismod nisi porta. Sit amet nisl purus in. Mattis aliquam faucibus purus in massa tempor nec. Scelerisque eleifend donec pretium vulputate sapien nec sagittis aliquam malesuada. Nec feugiat nisl pretium fusce id. Aliquam malesuada bibendum arcu vitae elementum curabitur vitae. Diam quis enim lobortis scelerisque fermentum dui faucibus in ornare. Sapien eget mi proin sed libero enim sed faucibus turpis. Mattis pellentesque id nibh tortor id aliquet lectus proin. Nec ultrices dui sapien eget mi. Ipsum dolor sit amet consectetur adipiscing elit duis tristique. Ultrices vitae auctor eu augue ut lectus arcu bibendum. In pellentesque massa placerat duis ultricies lacus sed turpis tincidunt. Neque vitae tempus quam pellentesque nec. Vel turpis nunc eget lorem dolor sed viverra ipsum. Tincidunt ornare massa eget egestas purus viverra accumsan in. Quam quisque id diam vel quam elementum pulvinar etiam.</span></p>\r\n\r\n<p style=\"text-align:justify\"><span style=\"font-size:18px\">In aliquam sem fringilla ut morbi tincidunt augue. Felis eget velit aliquet sagittis id consectetur purus ut faucibus. Massa placerat duis ultricies lacus sed turpis. Urna et pharetra pharetra massa massa ultricies mi quis. Mauris cursus mattis molestie a iaculis at erat. Nullam ac tortor vitae purus faucibus ornare suspendisse. Eget lorem dolor sed viverra ipsum nunc aliquet bibendum enim. Ac ut consequat semper viverra nam libero justo laoreet sit. Aliquet nec ullamcorper sit amet risus nullam eget felis. Purus sit amet volutpat consequat mauris nunc. Augue mauris augue neque gravida in. Dui faucibus in ornare quam. Ut enim blandit volutpat maecenas volutpat blandit aliquam.</span></p>\r\n\r\n<p style=\"text-align:justify\"><span style=\"font-size:18px\">Sed elementum tempus egestas sed sed risus pretium quam vulputate. In egestas erat imperdiet sed euismod nisi porta lorem. Luctus venenatis lectus magna fringilla urna porttitor. Aenean vel elit scelerisque mauris pellentesque pulvinar pellentesque. Amet luctus venenatis lectus magna fringilla urna porttitor. Ullamcorper velit sed ullamcorper morbi. Aliquam sem fringilla ut morbi tincidunt. Nisi vitae suscipit tellus mauris a diam. Massa tempor nec feugiat nisl pretium. Maecenas accumsan lacus vel facilisis volutpat est. Massa sapien faucibus et molestie ac feugiat. Vitae purus faucibus ornare suspendisse. Diam sit amet nisl suscipit adipiscing bibendum. Semper viverra nam libero justo laoreet sit amet cursus sit. Amet massa vitae tortor condimentum lacinia. Lectus vestibulum mattis ullamcorper velit sed. Ultrices mi tempus imperdiet nulla.</span></p>\r\n\r\n<p style=\"text-align:justify\"><span style=\"font-size:18px\">Sit amet consectetur adipiscing elit duis tristique sollicitudin. Non arcu risus quis varius quam quisque. Pretium vulputate sapien nec sagittis aliquam malesuada. Nulla posuere sollicitudin aliquam ultrices sagittis. Sed arcu non odio euismod. Lacus sed turpis tincidunt id. Elit duis tristique sollicitudin nibh sit. Est ultricies integer quis auctor elit. Blandit libero volutpat sed cras. Faucibus pulvinar elementum integer enim neque volutpat. Morbi tristique senectus et netus. Vulputate sapien nec sagittis aliquam malesuada bibendum arcu vitae elementum. Maecenas accumsan lacus vel facilisis volutpat est velit egestas dui. Dapibus ultrices in iaculis nunc sed. Sed euismod nisi porta lorem mollis aliquam ut porttitor. Gravida rutrum quisque non tellus. Rhoncus aenean vel elit scelerisque. At imperdiet dui accumsan sit amet nulla facilisi morbi. Arcu bibendum at varius vel pharetra vel turpis. Cursus in hac habitasse platea dictumst.</span></p>\r\n\r\n<p style=\"text-align:justify\"><span style=\"font-size:18px\">Tincidunt dui ut ornare lectus sit. Quam elementum pulvinar etiam non quam lacus suspendisse faucibus interdum. Egestas purus viverra accumsan in nisl. Sagittis nisl rhoncus mattis rhoncus. Velit aliquet sagittis id consectetur. Lacus vel facilisis volutpat est velit egestas dui id. Laoreet suspendisse interdum consectetur libero id faucibus nisl tincidunt. Netus et malesuada fames ac turpis egestas maecenas pharetra. Mauris cursus mattis molestie a iaculis at erat pellentesque. Sit amet aliquam id diam maecenas ultricies mi eget mauris. Ut enim blandit volutpat maecenas volutpat blandit aliquam etiam erat. Suspendisse in est ante in nibh mauris cursus mattis. Dui sapien eget mi proin sed libero enim. Et netus et malesuada fames ac turpis egestas. Id venenatis a condimentum vitae sapien pellentesque habitant morbi tristique. Arcu non sodales neque sodales ut etiam sit amet nisl. Malesuada pellentesque elit eget gravida. Auctor eu augue ut lectus arcu bibendum. Euismod lacinia at quis risus sed. Augue eget arcu dictum varius duis at consectetur lorem donec.</span></p>\r\n\r\n<p style=\"text-align:justify\"><span style=\"font-size:18px\">Nulla malesuada pellentesque elit eget gravida cum sociis natoque penatibus. A cras semper auctor neque vitae tempus quam pellentesque. Molestie a iaculis at erat pellentesque adipiscing commodo elit at. Semper viverra nam libero justo laoreet sit amet cursus sit. Ut eu sem integer vitae justo eget. Aliquet nec ullamcorper sit amet. A cras semper auctor neque vitae tempus quam pellentesque nec. Ultrices neque ornare aenean euismod elementum nisi quis eleifend quam. Praesent semper feugiat nibh sed. Vitae suscipit tellus mauris a diam maecenas. Nec ultrices dui sapien eget mi proin sed libero enim. Rhoncus urna neque viverra justo nec ultrices dui sapien. In eu mi bibendum neque. Congue eu consequat ac felis donec et odio pellentesque diam. Ultrices tincidunt arcu non sodales neque sodales ut. Velit ut tortor pretium viverra suspendisse. Ultrices dui sapien eget mi proin sed libero enim.</span></p>\r\n\r\n<p style=\"text-align:justify\"><span style=\"font-size:18px\">Aliquet nibh praesent tristique magna sit amet purus gravida. Id consectetur purus ut faucibus pulvinar elementum integer enim. Eget duis at tellus at. Non consectetur a erat nam at. Dolor morbi non arcu risus quis varius quam. Eget velit aliquet sagittis id consectetur purus ut faucibus pulvinar. Sit amet consectetur adipiscing elit. Neque laoreet suspendisse interdum consectetur libero id. Id consectetur purus ut faucibus pulvinar elementum. Tincidunt dui ut ornare lectus. Fringilla ut morbi tincidunt augue interdum velit. Sed cras ornare arcu dui vivamus arcu felis. Ultrices dui sapien eget mi proin sed libero enim. Vel fringilla est ullamcorper eget nulla facilisi. Suspendisse potenti nullam ac tortor vitae purus faucibus ornare suspendisse. Ipsum dolor sit amet consectetur adipiscing elit. Turpis cursus in hac habitasse platea dictumst quisque. Senectus et netus et malesuada fames ac turpis egestas sed. Mollis aliquam ut porttitor leo. A erat nam at lectus urna duis.</span></p>\r\n\r\n<p style=\"text-align:justify\"><span style=\"font-size:18px\">Fringilla phasellus faucibus scelerisque eleifend donec pretium vulputate sapien nec. Ac tincidunt vitae semper quis lectus nulla at. Dignissim cras tincidunt lobortis feugiat vivamus at augue eget arcu. Urna neque viverra justo nec ultrices dui sapien eget. Lacus sed turpis tincidunt id. Ut etiam sit amet nisl purus in mollis nunc sed. Condimentum mattis pellentesque id nibh tortor. Pharetra sit amet aliquam id. Vulputate odio ut enim blandit volutpat maecenas volutpat blandit aliquam. Mauris pharetra et ultrices neque. Ut diam quam nulla porttitor massa id neque aliquam vestibulum. Volutpat blandit aliquam etiam erat velit scelerisque. Auctor neque vitae tempus quam pellentesque nec nam aliquam. Nunc sed blandit libero volutpat sed cras. Posuere urna nec tincidunt praesent semper feugiat. Pulvinar elementum integer enim neque volutpat ac. Tincidunt eget nullam non nisi est. Lorem donec massa sapien faucibus et molestie ac feugiat sed. Condimentum vitae sapien pellentesque habitant morbi tristique senectus et. Amet justo donec enim diam vulputate ut pharetra sit amet.</span></p>\r\n\r\n<p style=\"text-align:justify\"><span style=\"font-size:18px\">Enim sit amet venenatis urna. Viverra adipiscing at in tellus integer feugiat scelerisque varius morbi. Faucibus purus in massa tempor nec. In mollis nunc sed id semper risus in hendrerit gravida. Aliquet enim tortor at auctor urna. Sapien nec sagittis aliquam malesuada bibendum arcu vitae elementum curabitur. Integer quis auctor elit sed. Varius quam quisque id diam vel quam elementum. Non diam phasellus vestibulum lorem sed risus ultricies tristique nulla. Proin libero nunc consequat interdum varius sit amet.</span></p>\r\n\r\n<p style=\"text-align:justify\"><span style=\"font-size:18px\">Cras sed felis eget velit aliquet sagittis. Nullam non nisi est sit amet facilisis magna. Scelerisque mauris pellentesque pulvinar pellentesque habitant morbi. Cras semper auctor neque vitae tempus quam pellentesque nec. Integer vitae justo eget magna fermentum iaculis eu. Mauris ultrices eros in cursus turpis massa tincidunt. Pellentesque dignissim enim sit amet venenatis urna cursus eget. Hac habitasse platea dictumst quisque sagittis purus sit. Lorem dolor sed viverra ipsum nunc aliquet bibendum enim facilisis. Vitae purus faucibus ornare suspendisse sed nisi. Odio ut sem nulla pharetra. Amet consectetur adipiscing elit pellentesque habitant morbi tristique senectus. Ut ornare lectus sit amet est placerat in egestas. Scelerisque viverra mauris in aliquam sem. Proin sed libero enim sed faucibus turpis in eu mi.</span></p>\r\n\r\n<p style=\"text-align:justify\"><span style=\"font-size:18px\">Nullam vehicula ipsum a arcu cursus vitae congue mauris rhoncus. Amet mattis vulputate enim nulla. Et pharetra pharetra massa massa ultricies mi. Ut sem viverra aliquet eget sit amet tellus cras adipiscing. Cras ornare arcu dui vivamus arcu felis. Dui nunc mattis enim ut tellus elementum. Suspendisse faucibus interdum posuere lorem ipsum. Feugiat sed lectus vestibulum mattis ullamcorper velit. Pulvinar etiam non quam lacus suspendisse faucibus interdum. Tortor at auctor urna nunc id. Iaculis eu non diam phasellus. Eros in cursus turpis massa tincidunt dui. Quisque egestas diam in arcu cursus euismod quis viverra.</span></p>\r\n\r\n<p style=\"text-align:justify\"><span style=\"font-size:18px\">Nisl rhoncus mattis rhoncus urna neque viverra. Pretium viverra suspendisse potenti nullam ac tortor vitae. Scelerisque eu ultrices vitae auctor eu augue. Diam quam nulla porttitor massa id. Malesuada proin libero nunc consequat interdum varius sit. Aliquam sem et tortor consequat id porta. Et ultrices neque ornare aenean. Nulla malesuada pellentesque elit eget gravida cum sociis. Faucibus interdum posuere lorem ipsum dolor. Mauris commodo quis imperdiet massa tincidunt nunc.</span></p>\r\n\r\n<p style=\"text-align:justify\"><span style=\"font-size:18px\">Urna nec tincidunt praesent semper feugiat nibh. Pulvinar etiam non quam lacus suspendisse faucibus interdum. Lacus suspendisse faucibus interdum posuere lorem. Fames ac turpis egestas sed tempus urna et. Vel pretium lectus quam id leo in. Enim sit amet venenatis urna cursus eget nunc. Non curabitur gravida arcu ac tortor dignissim convallis aenean et. At augue eget arcu dictum varius. Nulla facilisi nullam vehicula ipsum a. Vitae tortor condimentum lacinia quis vel eros. Mi tempus imperdiet nulla malesuada pellentesque elit eget gravida cum. Sodales neque sodales ut etiam sit amet. Amet commodo nulla facilisi nullam vehicula. Vitae elementum curabitur vitae nunc sed velit. Posuere urna nec tincidunt praesent. Adipiscing vitae proin sagittis nisl rhoncus mattis.</span></p>\r\n\r\n<p style=\"text-align:justify\"><span style=\"font-size:18px\">Elementum pulvinar etiam non quam lacus suspendisse faucibus interdum. Facilisis sed odio morbi quis commodo odio aenean sed. Enim nulla aliquet porttitor lacus luctus. Gravida quis blandit turpis cursus in hac habitasse platea dictumst. Sed id semper risus in hendrerit gravida rutrum quisque. Elementum facilisis leo vel fringilla est. Sed libero enim sed faucibus. Pretium vulputate sapien nec sagittis aliquam. Pellentesque eu tincidunt tortor aliquam nulla facilisi cras fermentum. Augue ut lectus arcu bibendum at varius.</span></p>\r\n', 'Trading', '1639462280', 'wp1932920-memphis-may-fire-wallpapers.jpg', 1, 1),
(3, 'cryptocurrentcy era 4.0', 'penjelasan cryptocurrentcy di era 4.0', 'Lorem ipsum dolor sit amet consectetur adipisicing elit. Ducimus dicta praesentium corrupti similique consectetur fugiat, odit adipisci quis animi dolore quos reprehenderit. Totam, corrupti possimus.\n', 'Cryptocurrency', '1638890131', 'eberhard-grossgasteiger-1207565-unsplash.jpg', 0, 2);
INSERT INTO `event` (`id`, `title`, `Description`, `content`, `category`, `date_created`, `image`, `status`, `user_id`) VALUES
(5, 'Seminar Trading 4.0', 'penjelasan trading di era 4.0', '<p style=\"text-align:justify\"><span style=\"font-family:Times New Roman,Times,serif\"><span style=\"font-size:18px\">Lorem ipsum dolor sit amet, consectetur adipiscing elit, sed do eiusmod tempor incididunt ut labore et dolore magna aliqua. Viverra ipsum nunc aliquet bibendum enim facilisis gravida. Eu non diam phasellus vestibulum lorem sed. Sit amet facilisis magna etiam. Ac tortor dignissim convallis aenean et tortor at risus viverra. Lobortis feugiat vivamus at augue eget arcu dictum varius. Dis parturient montes nascetur ridiculus mus mauris vitae. Aliquet porttitor lacus luctus accumsan. Aliquet porttitor lacus luctus accumsan tortor. Turpis massa sed elementum tempus egestas sed sed risus pretium. Blandit aliquam etiam erat velit scelerisque in dictum non. Quis ipsum suspendisse ultrices gravida dictum fusce ut placerat. Eleifend donec pretium vulputate sapien. Sapien et ligula ullamcorper malesuada proin libero. Nisl purus in mollis nunc sed id. Tellus in hac habitasse platea dictumst vestibulum rhoncus. Integer malesuada nunc vel risus commodo viverra maecenas accumsan. Ipsum dolor sit amet consectetur adipiscing elit pellentesque.</span></span></p>\r\n\r\n<p style=\"text-align:justify\"><span style=\"font-family:Times New Roman,Times,serif\"><span style=\"font-size:18px\">Porttitor leo a diam sollicitudin tempor. Egestas erat imperdiet sed euismod nisi porta lorem. Dignissim sodales ut eu sem. Varius sit amet mattis vulputate enim nulla aliquet porttitor. Consectetur adipiscing elit pellentesque habitant morbi tristique senectus et netus. Morbi non arcu risus quis varius quam quisque. Lectus quam id leo in vitae turpis massa sed. Elementum eu facilisis sed odio morbi quis commodo. Pulvinar mattis nunc sed blandit libero volutpat sed cras. Augue neque gravida in fermentum et sollicitudin ac orci. Luctus venenatis lectus magna fringilla urna porttitor. Et malesuada fames ac turpis egestas maecenas pharetra convallis posuere. Habitant morbi tristique senectus et netus. Massa enim nec dui nunc mattis enim ut tellus. Auctor augue mauris augue neque gravida in fermentum. Faucibus turpis in eu mi bibendum. Tellus integer feugiat scelerisque varius morbi. Convallis posuere morbi leo urna molestie. Suscipit tellus mauris a diam maecenas.</span></span></p>\r\n\r\n<p style=\"text-align:justify\"><span style=\"font-family:Times New Roman,Times,serif\"><span style=\"font-size:18px\">Enim lobortis scelerisque fermentum dui faucibus in ornare. Nunc non blandit massa enim nec dui nunc mattis. Tristique nulla aliquet enim tortor. Suspendisse ultrices gravida dictum fusce ut placerat orci nulla. Facilisis gravida neque convallis a cras semper auctor. Laoreet id donec ultrices tincidunt. Lacus viverra vitae congue eu consequat ac felis. Malesuada fames ac turpis egestas maecenas pharetra convallis posuere morbi. Vel facilisis volutpat est velit egestas dui id ornare arcu. Mattis aliquam faucibus purus in massa tempor. Leo duis ut diam quam nulla porttitor massa. In ornare quam viverra orci sagittis eu volutpat odio. Nunc sed augue lacus viverra vitae congue eu. Neque ornare aenean euismod elementum. Vitae elementum curabitur vitae nunc sed velit dignissim sodales. Ornare lectus sit amet est placerat in. Eu scelerisque felis imperdiet proin fermentum leo vel orci. Eget felis eget nunc lobortis. Commodo sed egestas egestas fringilla phasellus faucibus. Semper eget duis at tellus.</span></span></p>\r\n\r\n<p style=\"text-align:justify\"><span style=\"font-family:Times New Roman,Times,serif\"><span style=\"font-size:18px\">Mattis nunc sed blandit libero volutpat. Purus sit amet volutpat consequat mauris nunc congue nisi. Vitae congue eu consequat ac felis. Duis at tellus at urna condimentum. Fringilla est ullamcorper eget nulla facilisi. Orci porta non pulvinar neque laoreet suspendisse interdum consectetur libero. Etiam dignissim diam quis enim lobortis scelerisque fermentum dui. Aliquet lectus proin nibh nisl condimentum id. Mattis rhoncus urna neque viverra justo nec ultrices. Fermentum dui faucibus in ornare quam viverra orci sagittis eu. Sed euismod nisi porta lorem mollis aliquam. In hac habitasse platea dictumst. Leo vel fringilla est ullamcorper eget nulla facilisi etiam dignissim. Eu sem integer vitae justo eget magna fermentum iaculis. Lobortis scelerisque fermentum dui faucibus in ornare quam viverra orci. Habitant morbi tristique senectus et netus et malesuada. Varius vel pharetra vel turpis. Auctor urna nunc id cursus metus.</span></span></p>\r\n\r\n<p style=\"text-align:justify\"><span style=\"font-family:Times New Roman,Times,serif\"><span style=\"font-size:18px\">Facilisis gravida neque convallis a cras semper auctor. Sed arcu non odio euismod lacinia. Ac placerat vestibulum lectus mauris ultrices. Eget est lorem ipsum dolor sit amet consectetur. Sed libero enim sed faucibus turpis. Et magnis dis parturient montes nascetur ridiculus mus mauris. Lobortis scelerisque fermentum dui faucibus in. Ut tristique et egestas quis ipsum suspendisse ultrices gravida dictum. Ornare arcu odio ut sem nulla pharetra diam sit. Elementum nibh tellus molestie nunc non blandit massa enim. At varius vel pharetra vel. Elementum tempus egestas sed sed risus pretium quam.</span></span></p>\r\n\r\n<p style=\"text-align:justify\"><span style=\"font-family:Times New Roman,Times,serif\"><span style=\"font-size:18px\">Eu sem integer vitae justo eget magna fermentum iaculis eu. Condimentum id venenatis a condimentum vitae sapien pellentesque habitant morbi. Facilisis leo vel fringilla est ullamcorper eget nulla. Aliquam ultrices sagittis orci a scelerisque purus. Dignissim sodales ut eu sem integer. Viverra aliquet eget sit amet. Ac ut consequat semper viverra nam libero justo. Elementum integer enim neque volutpat ac tincidunt vitae semper. Donec massa sapien faucibus et. Ac turpis egestas integer eget aliquet nibh. Non enim praesent elementum facilisis leo vel fringilla est ullamcorper. Nulla aliquet enim tortor at. In fermentum et sollicitudin ac orci phasellus egestas tellus rutrum.</span></span></p>\r\n\r\n<p style=\"text-align:justify\"><span style=\"font-family:Times New Roman,Times,serif\"><span style=\"font-size:18px\">Nulla malesuada pellentesque elit eget gravida cum. Non blandit massa enim nec dui nunc mattis. Velit sed ullamcorper morbi tincidunt ornare massa eget egestas purus. Etiam sit amet nisl purus in mollis nunc sed id. Pretium aenean pharetra magna ac placerat vestibulum lectus. Nunc sed id semper risus in hendrerit gravida. Dui sapien eget mi proin sed libero enim sed faucibus. Aliquet nibh praesent tristique magna. Commodo quis imperdiet massa tincidunt nunc pulvinar. Dignissim enim sit amet venenatis urna cursus eget nunc. Sagittis orci a scelerisque purus semper eget duis at tellus. Lorem ipsum dolor sit amet consectetur adipiscing elit duis. Magna fermentum iaculis eu non diam phasellus vestibulum lorem sed.</span></span></p>\r\n\r\n<p style=\"text-align:justify\"><span style=\"font-family:Times New Roman,Times,serif\"><span style=\"font-size:18px\">Elementum eu facilisis sed odio morbi quis commodo. Dui sapien eget mi proin sed. Dis parturient montes nascetur ridiculus mus mauris. Ut tortor pretium viverra suspendisse potenti nullam ac tortor. Massa placerat duis ultricies lacus sed turpis tincidunt id aliquet. Aliquam eleifend mi in nulla posuere. Vitae aliquet nec ullamcorper sit amet risus nullam eget felis. Nullam eget felis eget nunc lobortis mattis aliquam faucibus. Amet nulla facilisi morbi tempus iaculis urna. Congue nisi vitae suscipit tellus. Id neque aliquam vestibulum morbi blandit cursus. Arcu cursus euismod quis viverra nibh cras. Ut ornare lectus sit amet est placerat in. Sit amet est placerat in egestas erat imperdiet sed. Quisque egestas diam in arcu cursus euismod. Adipiscing at in tellus integer feugiat scelerisque. Blandit volutpat maecenas volutpat blandit aliquam etiam erat velit. Venenatis a condimentum vitae sapien pellentesque habitant morbi.</span></span></p>\r\n\r\n<p style=\"text-align:justify\"><span style=\"font-family:Times New Roman,Times,serif\"><span style=\"font-size:18px\">Quam nulla porttitor massa id neque aliquam vestibulum. Praesent tristique magna sit amet purus. Sodales ut eu sem integer vitae justo eget. Ac tortor vitae purus faucibus ornare. Vulputate mi sit amet mauris commodo quis imperdiet massa. Eget duis at tellus at urna condimentum mattis pellentesque id. Quis hendrerit dolor magna eget est lorem ipsum dolor. Pellentesque sit amet porttitor eget dolor. Nunc mattis enim ut tellus elementum sagittis vitae et leo. Tempus iaculis urna id volutpat. Aliquam sem et tortor consequat id porta nibh venenatis. Nunc sed id semper risus in hendrerit gravida. Etiam non quam lacus suspendisse faucibus. Volutpat est velit egestas dui id ornare arcu. At tempor commodo ullamcorper a. Non consectetur a erat nam. Ultricies mi quis hendrerit dolor magna eget est lorem ipsum.</span></span></p>\r\n\r\n<p style=\"text-align:justify\"><span style=\"font-family:Times New Roman,Times,serif\"><span style=\"font-size:18px\">Ut morbi tincidunt augue interdum velit euismod. Lorem ipsum dolor sit amet consectetur adipiscing elit pellentesque. Est sit amet facilisis magna etiam tempor. Tortor aliquam nulla facilisi cras fermentum odio. Id velit ut tortor pretium viverra suspendisse. Maecenas pharetra convallis posuere morbi. Purus semper eget duis at tellus at urna. Lacus suspendisse faucibus interdum posuere. Nisi scelerisque eu ultrices vitae auctor eu augue ut. Sem integer vitae justo eget magna fermentum iaculis eu non. Cras ornare arcu dui vivamus arcu felis. Sem et tortor consequat id porta nibh venenatis. Non blandit massa enim nec dui nunc mattis enim. Morbi leo urna molestie at. Nam libero justo laoreet sit amet cursus sit.</span></span></p>\r\n\r\n<p style=\"text-align:justify\"><span style=\"font-family:Times New Roman,Times,serif\"><span style=\"font-size:18px\">Quis enim lobortis scelerisque fermentum dui faucibus in ornare. Lacus vel facilisis volutpat est velit egestas. Sed viverra tellus in hac habitasse platea dictumst. Odio tempor orci dapibus ultrices in iaculis nunc sed. Et odio pellentesque diam volutpat commodo sed. Mi ipsum faucibus vitae aliquet. Quisque egestas diam in arcu cursus. Cum sociis natoque penatibus et magnis. Massa massa ultricies mi quis. Semper quis lectus nulla at volutpat diam ut venenatis. Venenatis cras sed felis eget velit aliquet. Rutrum quisque non tellus orci ac auctor augue. Purus faucibus ornare suspendisse sed nisi lacus. Lacus sed turpis tincidunt id aliquet risus. Tristique sollicitudin nibh sit amet commodo nulla facilisi nullam vehicula. Aliquam id diam maecenas ultricies mi. Integer enim neque volutpat ac tincidunt. A pellentesque sit amet porttitor eget. A erat nam at lectus urna. Ac felis donec et odio pellentesque diam volutpat.</span></span></p>\r\n\r\n<p style=\"text-align:justify\"><span style=\"font-family:Times New Roman,Times,serif\"><span style=\"font-size:18px\">Eget sit amet tellus cras adipiscing enim eu. Augue neque gravida in fermentum. Ullamcorper dignissim cras tincidunt lobortis feugiat vivamus at augue eget. Vitae congue eu consequat ac felis donec et odio pellentesque. Eu ultrices vitae auctor eu augue ut lectus arcu bibendum. Vitae proin sagittis nisl rhoncus mattis rhoncus urna neque viverra. Ut eu sem integer vitae justo eget. Tincidunt dui ut ornare lectus sit amet est placerat in. At elementum eu facilisis sed odio morbi quis commodo. Commodo ullamcorper a lacus vestibulum. Consequat mauris nunc congue nisi vitae suscipit tellus. Vitae tempus quam pellentesque nec nam aliquam sem. Donec ac odio tempor orci dapibus ultrices. Nec nam aliquam sem et. Orci nulla pellentesque dignissim enim sit. Diam maecenas ultricies mi eget mauris. Vitae congue eu consequat ac felis donec et.</span></span></p>\r\n\r\n<p style=\"text-align:justify\"><span style=\"font-family:Times New Roman,Times,serif\"><span style=\"font-size:18px\">Sagittis vitae et leo duis ut diam quam. Sit amet commodo nulla facilisi nullam vehicula. Dolor sit amet consectetur adipiscing. Sit amet luctus venenatis lectus. Donec massa sapien faucibus et molestie ac feugiat. Tempus iaculis urna id volutpat lacus laoreet. Sed nisi lacus sed viverra tellus in hac habitasse. Dui ut ornare lectus sit. Nibh nisl condimentum id venenatis. Viverra accumsan in nisl nisi scelerisque. Tempor orci eu lobortis elementum nibh tellus molestie nunc non. Netus et malesuada fames ac turpis egestas integer eget. Fames ac turpis egestas maecenas pharetra convallis posuere morbi leo. Hendrerit gravida rutrum quisque non tellus. Risus feugiat in ante metus dictum at tempor.</span></span></p>\r\n\r\n<p style=\"text-align:justify\"><span style=\"font-family:Times New Roman,Times,serif\"><span style=\"font-size:18px\">Quis varius quam quisque id diam. Enim sed faucibus turpis in. Feugiat in ante metus dictum at tempor commodo. Egestas sed sed risus pretium quam vulputate. Interdum consectetur libero id faucibus nisl tincidunt eget. Pellentesque nec nam aliquam sem et. Vitae auctor eu augue ut lectus arcu. Fermentum et sollicitudin ac orci. Dolor sit amet consectetur adipiscing elit pellentesque habitant. Lectus urna duis convallis convallis tellus id interdum. Ultrices in iaculis nunc sed augue lacus. Vitae aliquet nec ullamcorper sit amet risus nullam eget felis. Et magnis dis parturient montes nascetur ridiculus mus mauris. Odio ut enim blandit volutpat maecenas volutpat blandit aliquam. Bibendum neque egestas congue quisque. Vitae congue eu consequat ac felis. Nibh cras pulvinar mattis nunc sed. Sem integer vitae justo eget.</span></span></p>\r\n\r\n<p style=\"text-align:justify\"><span style=\"font-family:Times New Roman,Times,serif\"><span style=\"font-size:18px\">Ac turpis egestas sed tempus urna et pharetra. Aliquet porttitor lacus luctus accumsan tortor posuere ac ut. Sed lectus vestibulum mattis ullamcorper velit sed. Lacus viverra vitae congue eu consequat ac felis. Lorem ipsum dolor sit amet consectetur adipiscing elit. Turpis egestas maecenas pharetra convallis posuere morbi leo urna. Feugiat scelerisque varius morbi enim nunc faucibus a pellentesque sit. In arcu cursus euismod quis viverra nibh. At tellus at urna condimentum mattis. Nunc mattis enim ut tellus. In aliquam sem fringilla ut morbi tincidunt. Euismod quis viverra nibh cras pulvinar mattis nunc sed blandit. Interdum varius sit amet mattis vulputate enim nulla aliquet. Vivamus at augue eget arcu.</span></span></p>\r\n\r\n<p style=\"text-align:justify\"><span style=\"font-family:Times New Roman,Times,serif\"><span style=\"font-size:18px\">Platea dictumst vestibulum rhoncus est. Eu non diam phasellus vestibulum lorem sed risus ultricies tristique. Nec feugiat nisl pretium fusce id velit ut. At volutpat diam ut venenatis tellus. Scelerisque fermentum dui faucibus in ornare. Massa ultricies mi quis hendrerit dolor. Et odio pellentesque diam volutpat commodo sed egestas egestas. Egestas quis ipsum suspendisse ultrices gravida dictum fusce ut. Quisque id diam vel quam elementum. Sit amet mauris commodo quis imperdiet massa tincidunt nunc pulvinar. Sit amet dictum sit amet. Dui id ornare arcu odio ut. Ipsum dolor sit amet consectetur adipiscing elit duis tristique sollicitudin. Enim neque volutpat ac tincidunt vitae semper. Morbi tincidunt ornare massa eget egestas purus viverra. Sit amet facilisis magna etiam tempor orci eu lobortis elementum. Amet consectetur adipiscing elit duis tristique. Augue neque gravida in fermentum et sollicitudin ac orci phasellus. Accumsan tortor posuere ac ut consequat.</span></span></p>\r\n\r\n<p style=\"text-align:justify\"><span style=\"font-family:Times New Roman,Times,serif\"><span style=\"font-size:18px\">Et malesuada fames ac turpis egestas integer eget aliquet nibh. Non enim praesent elementum facilisis leo vel. Id eu nisl nunc mi ipsum faucibus vitae aliquet nec. Nunc pulvinar sapien et ligula. Aliquam ut porttitor leo a. Blandit massa enim nec dui nunc mattis enim ut. Nunc congue nisi vitae suscipit tellus mauris. Proin fermentum leo vel orci porta non. Ornare quam viverra orci sagittis eu volutpat odio facilisis. Donec ultrices tincidunt arcu non sodales neque. Quis hendrerit dolor magna eget est. Ut sem viverra aliquet eget sit amet tellus cras. Odio eu feugiat pretium nibh ipsum. Turpis tincidunt id aliquet risus feugiat in ante metus dictum.</span></span></p>\r\n\r\n<p style=\"text-align:justify\"><span style=\"font-family:Times New Roman,Times,serif\"><span style=\"font-size:18px\">Parturient montes nascetur ridiculus mus. In hac habitasse platea dictumst quisque sagittis. A scelerisque purus semper eget. Proin gravida hendrerit lectus a. Pulvinar elementum integer enim neque volutpat. Amet risus nullam eget felis eget nunc lobortis mattis aliquam. Sagittis orci a scelerisque purus semper eget. Placerat in egestas erat imperdiet sed euismod nisi porta lorem. Faucibus purus in massa tempor nec feugiat. Enim blandit volutpat maecenas volutpat blandit aliquam. Sagittis vitae et leo duis ut diam quam nulla. Urna nec tincidunt praesent semper feugiat nibh sed. Aliquam etiam erat velit scelerisque in dictum non.</span></span></p>\r\n\r\n<p style=\"text-align:justify\"><span style=\"font-family:Times New Roman,Times,serif\"><span style=\"font-size:18px\">Nisl rhoncus mattis rhoncus urna neque viverra justo nec. Convallis aenean et tortor at risus viverra adipiscing. Potenti nullam ac tortor vitae purus. Et pharetra pharetra massa massa. Scelerisque felis imperdiet proin fermentum leo vel orci porta non. Ante in nibh mauris cursus mattis molestie a iaculis. Aliquam ut porttitor leo a. Morbi tincidunt augue interdum velit euismod. Quis commodo odio aenean sed. Amet nulla facilisi morbi tempus iaculis. Scelerisque fermentum dui faucibus in ornare. Mi sit amet mauris commodo quis imperdiet. Faucibus in ornare quam viverra orci sagittis eu volutpat.</span></span></p>\r\n\r\n<p style=\"text-align:justify\"><span style=\"font-family:Times New Roman,Times,serif\"><span style=\"font-size:18px\">Placerat orci nulla pellentesque dignissim enim sit. Praesent elementum facilisis leo vel fringilla est ullamcorper eget. Molestie at elementum eu facilisis sed. Hac habitasse platea dictumst quisque. Purus semper eget duis at tellus at urna. Id diam vel quam elementum pulvinar. In egestas erat imperdiet sed euismod nisi porta lorem mollis. Rhoncus aenean vel elit scelerisque mauris pellentesque pulvinar. Sit amet purus gravida quis blandit turpis cursus in. Consectetur purus ut faucibus pulvinar elementum. Imperdiet dui accumsan sit amet nulla facilisi morbi tempus. Odio pellentesque diam volutpat commodo sed egestas egestas fringilla phasellus. At lectus urna duis convallis convallis tellus id interdum velit. Scelerisque viverra mauris in aliquam sem fringilla ut morbi tincidunt. In mollis nunc sed id semper risus. Nunc aliquet bibendum enim facilisis gravida neque convallis a. Pulvinar pellentesque habitant morbi tristique senectus et netus et. Sem nulla pharetra diam sit amet nisl suscipit. Consequat semper viverra nam libero justo laoreet sit amet.</span></span></p>\r\n\r\n<p style=\"text-align:justify\"><span style=\"font-family:Times New Roman,Times,serif\"><span style=\"font-size:18px\">Duis convallis convallis tellus id. A diam maecenas sed enim ut sem. Sapien et ligula ullamcorper malesuada proin libero nunc consequat interdum. Ut eu sem integer vitae justo eget magna. Praesent elementum facilisis leo vel fringilla est ullamcorper. Donec ultrices tincidunt arcu non sodales neque sodales. Nascetur ridiculus mus mauris vitae ultricies. Eu tincidunt tortor aliquam nulla facilisi. Et odio pellentesque diam volutpat commodo. Enim eu turpis egestas pretium aenean pharetra magna ac placerat. Dignissim cras tincidunt lobortis feugiat vivamus. Blandit cursus risus at ultrices mi tempus imperdiet.</span></span></p>\r\n\r\n<p style=\"text-align:justify\"><span style=\"font-family:Times New Roman,Times,serif\"><span style=\"font-size:18px\">Auctor elit sed vulputate mi sit amet mauris commodo. Facilisis volutpat est velit egestas dui id ornare arcu odio. Ut ornare lectus sit amet est placerat. Sodales neque sodales ut etiam sit. Mollis nunc sed id semper risus in hendrerit gravida. Habitasse platea dictumst vestibulum rhoncus est pellentesque elit ullamcorper dignissim. Lorem dolor sed viverra ipsum nunc aliquet. Lacus viverra vitae congue eu consequat ac felis donec et. In hendrerit gravida rutrum quisque non tellus orci ac auctor. In aliquam sem fringilla ut morbi tincidunt. Consectetur libero id faucibus nisl. Elementum nisi quis eleifend quam adipiscing vitae proin sagittis nisl. Et ultrices neque ornare aenean euismod elementum nisi quis. Fringilla ut morbi tincidunt augue interdum. Sapien et ligula ullamcorper malesuada proin libero nunc consequat. Ipsum nunc aliquet bibendum enim facilisis gravida neque. Eget magna fermentum iaculis eu non diam phasellus vestibulum. Sollicitudin ac orci phasellus egestas tellus rutrum tellus. Porttitor eget dolor morbi non arcu. Auctor eu augue ut lectus arcu bibendum at.</span></span></p>\r\n\r\n<p style=\"text-align:justify\"><span style=\"font-family:Times New Roman,Times,serif\"><span style=\"font-size:18px\">Faucibus ornare suspendisse sed nisi lacus sed. Cursus in hac habitasse platea dictumst. Amet mattis vulputate enim nulla aliquet porttitor. Ut sem nulla pharetra diam. Lectus sit amet est placerat in egestas erat. Nulla malesuada pellentesque elit eget gravida cum. Porta nibh venenatis cras sed felis eget velit. Nisi est sit amet facilisis magna etiam. Mattis molestie a iaculis at erat pellentesque adipiscing. Semper viverra nam libero justo laoreet sit amet. Neque ornare aenean euismod elementum nisi quis eleifend quam adipiscing. Venenatis a condimentum vitae sapien pellentesque habitant morbi tristique senectus. Diam maecenas sed enim ut sem viverra aliquet. Imperdiet proin fermentum leo vel orci porta non pulvinar neque.</span></span></p>\r\n\r\n<p style=\"text-align:justify\"><span style=\"font-family:Times New Roman,Times,serif\"><span style=\"font-size:18px\">Faucibus et molestie ac feugiat sed lectus vestibulum. Volutpat consequat mauris nunc congue nisi vitae. Duis ultricies lacus sed turpis. At auctor urna nunc id. Vitae sapien pellentesque habitant morbi tristique senectus et netus et. Arcu vitae elementum curabitur vitae nunc sed velit dignissim sodales. Nisl nisi scelerisque eu ultrices vitae auctor eu augue. Porta nibh venenatis cras sed felis eget velit. Nunc sed augue lacus viverra vitae congue eu consequat ac. Risus in hendrerit gravida rutrum quisque non tellus orci ac. Aliquam id diam maecenas ultricies mi eget mauris pharetra et. Lectus arcu bibendum at varius vel pharetra vel turpis nunc.</span></span></p>\r\n\r\n<p style=\"text-align:justify\"><span style=\"font-family:Times New Roman,Times,serif\"><span style=\"font-size:18px\">Nulla facilisi cras fermentum odio. Aenean euismod elementum nisi quis eleifend quam adipiscing. Dictum varius duis at consectetur lorem. Volutpat consequat mauris nunc congue nisi vitae suscipit tellus mauris. Nisl nunc mi ipsum faucibus. Luctus accumsan tortor posuere ac ut consequat semper viverra nam. Sagittis nisl rhoncus mattis rhoncus. Tortor vitae purus faucibus ornare suspendisse sed nisi. Id semper risus in hendrerit gravida rutrum quisque non. Tellus in metus vulputate eu scelerisque felis imperdiet proin fermentum. Sapien et ligula ullamcorper malesuada. Felis imperdiet proin fermentum leo vel. Duis tristique sollicitudin nibh sit amet commodo. Feugiat pretium nibh ipsum consequat nisl. Maecenas pharetra convallis posuere morbi. Fames ac turpis egestas integer eget aliquet nibh praesent. Enim facilisis gravida neque convallis a. Ridiculus mus mauris vitae ultricies leo integer malesuada nunc. Dui sapien eget mi proin sed libero. Lacinia quis vel eros donec ac odio tempor.</span></span></p>\r\n\r\n<p style=\"text-align:justify\"><span style=\"font-family:Times New Roman,Times,serif\"><span style=\"font-size:18px\">Sagittis aliquam malesuada bibendum arcu vitae elementum. Cursus euismod quis viverra nibh cras pulvinar. Egestas congue quisque egestas diam. Nec feugiat in fermentum posuere urna. Ac turpis egestas integer eget aliquet nibh praesent tristique. Pulvinar sapien et ligula ullamcorper malesuada proin libero nunc consequat. Egestas sed sed risus pretium quam vulputate dignissim suspendisse in. Bibendum neque egestas congue quisque egestas. Velit euismod in pellentesque massa placerat duis ultricies lacus sed. Sit amet nisl suscipit adipiscing bibendum. Urna condimentum mattis pellentesque id. Quis ipsum suspendisse ultrices gravida dictum fusce. Vitae nunc sed velit dignissim sodales ut. Ut consequat semper viverra nam libero justo laoreet sit amet. Pharetra vel turpis nunc eget lorem dolor sed viverra. Nunc mi ipsum faucibus vitae aliquet nec ullamcorper sit amet. In dictum non consectetur a erat nam.</span></span></p>\r\n\r\n<p style=\"text-align:justify\"><span style=\"font-family:Times New Roman,Times,serif\"><span style=\"font-size:18px\">Auctor urna nunc id cursus metus aliquam eleifend mi. Proin sagittis nisl rhoncus mattis rhoncus urna. Euismod lacinia at quis risus sed vulputate odio. Tellus pellentesque eu tincidunt tortor aliquam nulla. Ut morbi tincidunt augue interdum velit euismod in. Accumsan tortor posuere ac ut consequat semper viverra. Ullamcorper dignissim cras tincidunt lobortis feugiat vivamus at augue eget. Ipsum dolor sit amet consectetur adipiscing elit ut aliquam. Ut diam quam nulla porttitor massa id neque aliquam vestibulum. Libero id faucibus nisl tincidunt eget nullam non nisi. Et malesuada fames ac turpis egestas maecenas pharetra convallis.</span></span></p>\r\n\r\n<p style=\"text-align:justify\"><span style=\"font-family:Times New Roman,Times,serif\"><span style=\"font-size:18px\">Odio aenean sed adipiscing diam donec adipiscing tristique risus. Facilisis sed odio morbi quis commodo odio aenean sed adipiscing. Pretium lectus quam id leo. Egestas tellus rutrum tellus pellentesque eu tincidunt tortor. Lectus magna fringilla urna porttitor rhoncus dolor purus non enim. Libero volutpat sed cras ornare arcu. Mattis molestie a iaculis at erat pellentesque. Nulla pharetra diam sit amet nisl suscipit. Lectus proin nibh nisl condimentum id venenatis a condimentum. Tincidunt id aliquet risus feugiat in ante metus. Tortor dignissim convallis aenean et tortor at risus viverra. Consequat id porta nibh venenatis cras sed felis. Arcu cursus vitae congue mauris rhoncus aenean vel elit scelerisque. Risus ultricies tristique nulla aliquet enim tortor at auctor. Orci ac auctor augue mauris. Non arcu risus quis varius quam quisque id diam.</span></span></p>\r\n\r\n<p style=\"text-align:justify\"><span style=\"font-family:Times New Roman,Times,serif\"><span style=\"font-size:18px\">Fermentum posuere urna nec tincidunt. Consequat semper viverra nam libero justo laoreet. Arcu non odio euismod lacinia at quis risus sed vulputate. Volutpat sed cras ornare arcu dui vivamus arcu felis. Elementum tempus egestas sed sed risus pretium quam vulputate dignissim. Volutpat maecenas volutpat blandit aliquam etiam erat. Tortor id aliquet lectus proin nibh nisl condimentum. Amet nulla facilisi morbi tempus iaculis urna id. Tristique et egestas quis ipsum. Ultricies tristique nulla aliquet enim tortor at auctor. Cursus risus at ultrices mi tempus imperdiet nulla malesuada. Non quam lacus suspendisse faucibus interdum posuere lorem. Ipsum dolor sit amet consectetur adipiscing. Enim sed faucibus turpis in eu mi.</span></span></p>\r\n\r\n<p style=\"text-align:justify\"><span style=\"font-family:Times New Roman,Times,serif\"><span style=\"font-size:18px\">Etiam sit amet nisl purus. In hac habitasse platea dictumst quisque sagittis purus sit amet. At in tellus integer feugiat. Sed risus pretium quam vulputate. Enim facilisis gravida neque convallis a cras semper auctor. Amet consectetur adipiscing elit ut aliquam. Imperdiet massa tincidunt nunc pulvinar sapien et. Varius vel pharetra vel turpis nunc eget lorem. Ullamcorper eget nulla facilisi etiam dignissim diam quis enim. Lectus arcu bibendum at varius. A diam sollicitudin tempor id. Ultrices dui sapien eget mi proin. Varius quam quisque id diam. Accumsan in nisl nisi scelerisque eu ultrices vitae auctor eu. Est ullamcorper eget nulla facilisi etiam. Aliquam nulla facilisi cras fermentum odio eu feugiat pretium nibh. Adipiscing elit pellentesque habitant morbi tristique senectus. Id nibh tortor id aliquet lectus proin nibh. Odio tempor orci dapibus ultrices in iaculis. Lacinia at quis risus sed vulputate odio ut enim.</span></span></p>\r\n\r\n<p style=\"text-align:justify\"><span style=\"font-family:Times New Roman,Times,serif\"><span style=\"font-size:18px\">Adipiscing vitae proin sagittis nisl rhoncus mattis. Vitae purus faucibus ornare suspendisse sed nisi lacus sed viverra. Arcu odio ut sem nulla. Magna eget est lorem ipsum dolor sit amet. Netus et malesuada fames ac turpis egestas. Facilisi morbi tempus iaculis urna id volutpat. Ultricies mi quis hendrerit dolor magna eget est lorem ipsum. Feugiat pretium nibh ipsum consequat nisl vel pretium. Sed lectus vestibulum mattis ullamcorper velit sed ullamcorper morbi tincidunt. Euismod elementum nisi quis eleifend quam. Vulputate enim nulla aliquet porttitor lacus luctus accumsan. Fames ac turpis egestas maecenas pharetra convallis. Sed id semper risus in hendrerit. Id diam vel quam elementum. Nam libero justo laoreet sit amet cursus sit amet. Quam nulla porttitor massa id. Pretium quam vulputate dignissim suspendisse in est ante in. At consectetur lorem donec massa sapien faucibus. Tortor at auctor urna nunc. Lacus luctus accumsan tortor posuere ac ut consequat semper viverra.</span></span></p>\r\n\r\n<p style=\"text-align:justify\"><span style=\"font-family:Times New Roman,Times,serif\"><span style=\"font-size:18px\">Placerat vestibulum lectus mauris ultrices eros in cursus turpis massa. Augue eget arcu dictum varius duis at consectetur lorem. Tincidunt tortor aliquam nulla facilisi cras fermentum odio. Commodo viverra maecenas accumsan lacus vel facilisis volutpat est. Elementum integer enim neque volutpat ac tincidunt. Purus gravida quis blandit turpis. In mollis nunc sed id semper risus in hendrerit gravida. Facilisis leo vel fringilla est ullamcorper eget. Scelerisque eleifend donec pretium vulputate sapien nec. At ultrices mi tempus imperdiet nulla malesuada. Massa id neque aliquam vestibulum. Magna sit amet purus gravida quis blandit turpis cursus. Sapien eget mi proin sed libero. Odio eu feugiat pretium nibh ipsum consequat nisl vel pretium. Amet mauris commodo quis imperdiet massa.</span></span></p>\r\n\r\n<p style=\"text-align:justify\"><span style=\"font-family:Times New Roman,Times,serif\"><span style=\"font-size:18px\">Mattis vulputate enim nulla aliquet porttitor lacus luctus accumsan. Cras adipiscing enim eu turpis egestas pretium. Morbi non arcu risus quis varius quam quisque. In massa tempor nec feugiat. Orci a scelerisque purus semper eget duis at tellus. Risus in hendrerit gravida rutrum quisque. Vitae et leo duis ut diam quam. Phasellus faucibus scelerisque eleifend donec. Fermentum odio eu feugiat pretium nibh ipsum consequat. Interdum consectetur libero id faucibus nisl tincidunt. Nullam non nisi est sit amet facilisis magna etiam tempor. Sagittis purus sit amet volutpat consequat mauris nunc.</span></span></p>\r\n\r\n<p style=\"text-align:justify\"><span style=\"font-family:Times New Roman,Times,serif\"><span style=\"font-size:18px\">Malesuada proin libero nunc consequat interdum varius. Ut etiam sit amet nisl purus. Fringilla urna porttitor rhoncus dolor purus non enim praesent elementum. Sit amet cursus sit amet. Magna fermentum iaculis eu non. Posuere morbi leo urna molestie at elementum eu facilisis. Sit amet mattis vulputate enim. Nisl pretium fusce id velit. At volutpat diam ut venenatis tellus in metus. Consectetur libero id faucibus nisl tincidunt eget nullam non. Odio ut enim blandit volutpat maecenas volutpat. Cras ornare arcu dui vivamus arcu felis bibendum. Felis bibendum ut tristique et egestas quis. Nisl tincidunt eget nullam non. Nisl nisi scelerisque eu ultrices vitae auctor. Nulla porttitor massa id neque aliquam. Nulla facilisi morbi tempus iaculis urna id volutpat lacus laoreet.</span></span></p>\r\n\r\n<p style=\"text-align:justify\"><span style=\"font-family:Times New Roman,Times,serif\"><span style=\"font-size:18px\">Ac feugiat sed lectus vestibulum mattis ullamcorper velit. Tristique et egestas quis ipsum suspendisse ultrices gravida. Sed libero enim sed faucibus turpis in eu mi. Elit ut aliquam purus sit amet luctus venenatis lectus. Massa ultricies mi quis hendrerit dolor magna eget est lorem. Orci sagittis eu volutpat odio. Eu consequat ac felis donec et odio pellentesque diam. Urna duis convallis convallis tellus id interdum velit laoreet. Ac turpis egestas integer eget aliquet nibh praesent tristique magna. Ornare quam viverra orci sagittis eu volutpat. At elementum eu facilisis sed. Volutpat diam ut venenatis tellus in metus vulputate eu scelerisque. Ut morbi tincidunt augue interdum velit euismod. Pellentesque nec nam aliquam sem et tortor consequat. Metus vulputate eu scelerisque felis. Enim sit amet venenatis urna cursus eget nunc. At imperdiet dui accumsan sit amet nulla.</span></span></p>\r\n\r\n<p style=\"text-align:justify\"><span style=\"font-family:Times New Roman,Times,serif\"><span style=\"font-size:18px\">Id cursus metus aliquam eleifend. Hendrerit dolor magna eget est lorem ipsum dolor sit. Sit amet mauris commodo quis imperdiet massa. Donec ultrices tincidunt arcu non. Ullamcorper dignissim cras tincidunt lobortis feugiat vivamus. Quisque sagittis purus sit amet volutpat. Sed nisi lacus sed viverra tellus. Sit amet massa vitae tortor condimentum lacinia quis vel. Viverra orci sagittis eu volutpat odio facilisis. Magna fringilla urna porttitor rhoncus dolor purus. Amet purus gravida quis blandit turpis cursus in hac habitasse. Sem et tortor consequat id porta nibh. Eget aliquet nibh praesent tristique magna sit amet. Neque ornare aenean euismod elementum nisi. Lectus vestibulum mattis ullamcorper velit sed. Auctor neque vitae tempus quam pellentesque. Tincidunt tortor aliquam nulla facilisi cras. Aliquam faucibus purus in massa tempor nec feugiat. Nulla pellentesque dignissim enim sit amet venenatis. Vulputate enim nulla aliquet porttitor lacus luctus accumsan tortor.</span></span></p>\r\n\r\n<p style=\"text-align:justify\"><span style=\"font-family:Times New Roman,Times,serif\"><span style=\"font-size:18px\">Elit scelerisque mauris pellentesque pulvinar pellentesque habitant morbi. Maecenas volutpat blandit aliquam etiam. Cursus metus aliquam eleifend mi in. In vitae turpis massa sed. Vestibulum sed arcu non odio euismod lacinia at. Luctus accumsan tortor posuere ac ut consequat. Amet venenatis urna cursus eget nunc scelerisque. Purus ut faucibus pulvinar elementum integer enim neque. Viverra adipiscing at in tellus. Egestas diam in arcu cursus euismod quis viverra. A arcu cursus vitae congue mauris. Ipsum a arcu cursus vitae congue mauris rhoncus aenean vel. Nulla aliquet enim tortor at auctor urna nunc id. Tempus egestas sed sed risus pretium quam vulputate dignissim suspendisse. Proin sed libero enim sed faucibus turpis in. Ipsum dolor sit amet consectetur adipiscing elit duis tristique. Risus in hendrerit gravida rutrum quisque. Enim sed faucibus turpis in. Aliquam ut porttitor leo a. Mauris sit amet massa vitae tortor condimentum lacinia quis.</span></span></p>\r\n\r\n<p style=\"text-align:justify\"><span style=\"font-family:Times New Roman,Times,serif\"><span style=\"font-size:18px\">Dolor magna eget est lorem ipsum dolor sit. Duis convallis convallis tellus id interdum velit laoreet id donec. Adipiscing diam donec adipiscing tristique risus nec feugiat in fermentum. Lacus vestibulum sed arcu non odio euismod lacinia. Non enim praesent elementum facilisis leo vel fringilla est ullamcorper. Eu ultrices vitae auctor eu augue ut lectus. Sit amet commodo nulla facilisi. Urna cursus eget nunc scelerisque viverra. Consequat nisl vel pretium lectus quam. Et molestie ac feugiat sed. Sit amet nisl purus in mollis nunc sed id. Porttitor massa id neque aliquam vestibulum morbi blandit cursus risus. Pretium lectus quam id leo in vitae turpis massa. Venenatis tellus in metus vulputate eu scelerisque felis imperdiet. Amet luctus venenatis lectus magna fringilla. Volutpat blandit aliquam etiam erat velit scelerisque. Etiam non quam lacus suspendisse faucibus interdum posuere.</span></span></p>\r\n\r\n<p style=\"text-align:justify\"><span style=\"font-family:Times New Roman,Times,serif\"><span style=\"font-size:18px\">Augue interdum velit euismod in pellentesque. Id semper risus in hendrerit gravida rutrum quisque. Pellentesque nec nam aliquam sem et tortor consequat. Sed viverra tellus in hac habitasse platea dictumst vestibulum rhoncus. Auctor elit sed vulputate mi sit amet. Id diam vel quam elementum pulvinar etiam non. Fames ac turpis egestas integer eget aliquet nibh praesent. Adipiscing tristique risus nec feugiat in fermentum. Sit amet nisl suscipit adipiscing bibendum est ultricies integer. Scelerisque viverra mauris in aliquam sem fringilla. Mauris pharetra et ultrices neque ornare aenean euismod elementum. Diam maecenas sed enim ut sem viverra aliquet eget sit. Volutpat consequat mauris nunc congue nisi vitae suscipit tellus mauris. Ac placerat vestibulum lectus mauris ultrices. Commodo nulla facilisi nullam vehicula ipsum. Eu turpis egestas pretium aenean.</span></span></p>\r\n\r\n<p style=\"text-align:justify\"><span style=\"font-family:Times New Roman,Times,serif\"><span style=\"font-size:18px\">Id ornare arcu odio ut sem nulla pharetra. Id ornare arcu odio ut sem. Hac habitasse platea dictumst vestibulum rhoncus est pellentesque elit ullamcorper. Leo a diam sollicitudin tempor id eu nisl nunc mi. Sem viverra aliquet eget sit. Tempor id eu nisl nunc mi. Vitae purus faucibus ornare suspendisse sed. Elit at imperdiet dui accumsan sit amet nulla facilisi. Gravida quis blandit turpis cursus in hac habitasse platea dictumst. Magna ac placerat vestibulum lectus mauris ultrices eros in. Hac habitasse platea dictumst quisque sagittis purus sit amet volutpat. Praesent elementum facilisis leo vel fringilla est ullamcorper eget nulla. Lectus mauris ultrices eros in cursus turpis.</span></span></p>\r\n\r\n<p style=\"text-align:justify\"><span style=\"font-family:Times New Roman,Times,serif\"><span style=\"font-size:18px\">Senectus et netus et malesuada fames ac turpis egestas. Aliquet nibh praesent tristique magna sit amet purus. Ligula ullamcorper malesuada proin libero. Eget lorem dolor sed viverra ipsum nunc aliquet bibendum enim. Eu lobortis elementum nibh tellus molestie nunc. Facilisi morbi tempus iaculis urna id volutpat. Iaculis nunc sed augue lacus. Facilisis sed odio morbi quis. At volutpat diam ut venenatis. Non blandit massa enim nec dui nunc. Nisi lacus sed viverra tellus in. Varius quam quisque id diam vel quam elementum pulvinar etiam. Suspendisse interdum consectetur libero id faucibus nisl tincidunt eget nullam. Urna nec tincidunt praesent semper feugiat nibh sed pulvinar proin. Turpis egestas integer eget aliquet nibh praesent tristique magna. Ut etiam sit amet nisl purus. Euismod quis viverra nibh cras.</span></span></p>\r\n\r\n<p style=\"text-align:justify\"><span style=\"font-family:Times New Roman,Times,serif\"><span style=\"font-size:18px\">Aliquam sem et tortor consequat id porta nibh. Viverra justo nec ultrices dui. Consectetur adipiscing elit duis tristique. Egestas dui id ornare arcu odio ut. Sed egestas egestas fringilla phasellus faucibus scelerisque. Fringilla est ullamcorper eget nulla. Ut pharetra sit amet aliquam. Massa ultricies mi quis hendrerit. Massa id neque aliquam vestibulum morbi blandit. Sed viverra ipsum nunc aliquet bibendum enim. Donec et odio pellentesque diam volutpat commodo. Dignissim cras tincidunt lobortis feugiat vivamus at. Lacus vestibulum sed arcu non. Quam viverra orci sagittis eu volutpat odio facilisis. At risus viverra adipiscing at. Dictum varius duis at consectetur lorem donec massa sapien faucibus. Felis eget velit aliquet sagittis id consectetur purus. Posuere ac ut consequat semper viverra.</span></span></p>\r\n\r\n<p style=\"text-align:justify\"><span style=\"font-family:Times New Roman,Times,serif\"><span style=\"font-size:18px\">Adipiscing elit ut aliquam purus. Vitae semper quis lectus nulla at volutpat. Vulputate mi sit amet mauris commodo quis imperdiet massa. Maecenas ultricies mi eget mauris pharetra et ultrices neque ornare. Egestas egestas fringilla phasellus faucibus scelerisque eleifend. Sem fringilla ut morbi tincidunt augue. Cursus turpis massa tincidunt dui ut ornare. Nulla at volutpat diam ut venenatis. Sed odio morbi quis commodo odio aenean sed. Odio pellentesque diam volutpat commodo sed egestas egestas fringilla.</span></span></p>\r\n\r\n<p style=\"text-align:justify\"><span style=\"font-family:Times New Roman,Times,serif\"><span style=\"font-size:18px\">Est velit egestas dui id ornare arcu odio ut sem. Dolor sit amet consectetur adipiscing elit ut aliquam purus sit. Consectetur adipiscing elit pellentesque habitant morbi tristique. Dis parturient montes nascetur ridiculus. Eget lorem dolor sed viverra. Id cursus metus aliquam eleifend mi in nulla posuere sollicitudin. At in tellus integer feugiat. Cursus sit amet dictum sit amet justo. Elementum nibh tellus molestie nunc non blandit. Pharetra diam sit amet nisl suscipit adipiscing bibendum. Pellentesque dignissim enim sit amet venenatis urna. Bibendum neque egestas congue quisque egestas diam in arcu cursus. Duis at tellus at urna condimentum mattis. Viverra aliquet eget sit amet tellus.</span></span></p>\r\n\r\n<p style=\"text-align:justify\"><span style=\"font-family:Times New Roman,Times,serif\"><span style=\"font-size:18px\">Vehicula ipsum a arcu cursus vitae congue mauris. Vulputate dignissim suspendisse in est ante in nibh mauris. Quis viverra nibh cras pulvinar. Auctor neque vitae tempus quam pellentesque nec nam. At imperdiet dui accumsan sit amet. Sit amet mauris commodo quis imperdiet. Molestie nunc non blandit massa enim nec dui nunc mattis. Vestibulum rhoncus est pellentesque elit ullamcorper dignissim cras tincidunt. Donec pretium vulputate sapien nec. Neque volutpat ac tincidunt vitae semper quis. Nulla aliquet porttitor lacus luctus accumsan tortor. Mauris a diam maecenas sed enim. Gravida arcu ac tortor dignissim convallis aenean. Dictum fusce ut placerat orci nulla pellentesque dignissim. Risus in hendrerit gravida rutrum quisque non tellus orci ac.</span></span></p>\r\n\r\n<p style=\"text-align:justify\"><span style=\"font-family:Times New Roman,Times,serif\"><span style=\"font-size:18px\">Est ante in nibh mauris cursus. Id eu nisl nunc mi ipsum faucibus vitae aliquet. Tincidunt vitae semper quis lectus nulla at. Adipiscing commodo elit at imperdiet. Sed sed risus pretium quam vulputate dignissim suspendisse in est. Risus in hendrerit gravida rutrum. Egestas pretium aenean pharetra magna ac placerat vestibulum. Nulla at volutpat diam ut venenatis tellus in. Sodales neque sodales ut etiam sit amet nisl purus in. Quam adipiscing vitae proin sagittis. Facilisi cras fermentum odio eu feugiat pretium.</span></span></p>\r\n\r\n<p style=\"text-align:justify\"><span style=\"font-family:Times New Roman,Times,serif\"><span style=\"font-size:18px\">Nisi lacus sed viverra tellus in hac. Vitae suscipit tellus mauris a diam maecenas sed. Massa eget egestas purus viverra accumsan. In fermentum et sollicitudin ac orci phasellus egestas tellus rutrum. Arcu non odio euismod lacinia at quis risus sed vulputate. Porta non pulvinar neque laoreet suspendisse interdum consectetur libero. Sit amet massa vitae tortor condimentum. Cras adipiscing enim eu turpis egestas pretium aenean pharetra. Libero justo laoreet sit amet. Risus sed vulputate odio ut enim blandit volutpat. Libero enim sed faucibus turpis in eu mi bibendum neque. Nibh mauris cursus mattis molestie a iaculis at. Ut venenatis tellus in metus vulputate eu. Viverra ipsum nunc aliquet bibendum enim. Fusce ut placerat orci nulla pellentesque dignissim enim. Congue nisi vitae suscipit tellus mauris a diam maecenas. Vel orci porta non pulvinar neque laoreet suspendisse interdum consectetur. Semper quis lectus nulla at volutpat diam ut venenatis.</span></span></p>\r\n\r\n<p style=\"text-align:justify\"><span style=\"font-family:Times New Roman,Times,serif\"><span style=\"font-size:18px\">Feugiat scelerisque varius morbi enim nunc faucibus a. Ut sem nulla pharetra diam sit amet nisl. Neque egestas congue quisque egestas diam in. Sollicitudin nibh sit amet commodo nulla facilisi nullam vehicula ipsum. Lobortis feugiat vivamus at augue eget arcu dictum. Blandit volutpat maecenas volutpat blandit aliquam etiam erat. Donec ac odio tempor orci dapibus ultrices in iaculis nunc. Laoreet sit amet cursus sit. Dui accumsan sit amet nulla facilisi morbi tempus iaculis. Vitae suscipit tellus mauris a diam maecenas sed. Consectetur adipiscing elit pellentesque habitant. Massa eget egestas purus viverra accumsan in. Enim sed faucibus turpis in eu mi bibendum neque. Viverra suspendisse potenti nullam ac tortor vitae. Vulputate odio ut enim blandit volutpat maecenas volutpat blandit aliquam. Consectetur purus ut faucibus pulvinar elementum integer enim.</span></span></p>\r\n\r\n<p style=\"text-align:justify\"><span style=\"font-family:Times New Roman,Times,serif\"><span style=\"font-size:18px\">Arcu dictum varius duis at consectetur. Ut ornare lectus sit amet est placerat. A cras semper auctor neque vitae tempus. Velit scelerisque in dictum non consectetur a erat. Vitae tortor condimentum lacinia quis vel. Cursus mattis molestie a iaculis. Mi bibendum neque egestas congue quisque. In hac habitasse platea dictumst vestibulum rhoncus est. Venenatis a condimentum vitae sapien pellentesque habitant morbi tristique senectus. Eu turpis egestas pretium aenean pharetra magna ac. Vel quam elementum pulvinar etiam non quam lacus suspendisse.</span></span></p>\r\n\r\n<p style=\"text-align:justify\"><span style=\"font-family:Times New Roman,Times,serif\"><span style=\"font-size:18px\">Massa id neque aliquam vestibulum morbi blandit cursus. Id velit ut tortor pretium viverra suspendisse potenti nullam. Non arcu risus quis varius. Id diam vel quam elementum pulvinar etiam non quam. Sagittis aliquam malesuada bibendum arcu vitae elementum curabitur vitae. Consectetur a erat nam at lectus urna duis convallis. Tempus urna et pharetra pharetra massa massa ultricies mi quis. Lacus viverra vitae congue eu consequat ac felis donec et. Ornare suspendisse sed nisi lacus sed viverra tellus. Sit amet porttitor eget dolor morbi non arcu risus quis. Velit laoreet id donec ultrices tincidunt arcu non sodales. Dui ut ornare lectus sit amet est. Orci sagittis eu volutpat odio facilisis mauris sit. Tristique risus nec feugiat in fermentum posuere urna. Vitae et leo duis ut diam. Justo donec enim diam vulputate. Interdum posuere lorem ipsum dolor sit amet consectetur adipiscing elit. Purus ut faucibus pulvinar elementum integer enim neque volutpat. Sed ullamcorper morbi tincidunt ornare massa eget egestas purus. Libero enim sed faucibus turpis in eu mi bibendum neque.</span></span></p>\r\n\r\n<p style=\"text-align:justify\"><span style=\"font-family:Times New Roman,Times,serif\"><span style=\"font-size:18px\">Sit amet nisl purus in mollis nunc sed id. A erat nam at lectus urna duis. Curabitur vitae nunc sed velit dignissim sodales ut eu sem. Lobortis elementum nibh tellus molestie nunc. Dolor sed viverra ipsum nunc aliquet bibendum enim facilisis. Nulla porttitor massa id neque aliquam vestibulum morbi blandit cursus. Mi quis hendrerit dolor magna. Leo in vitae turpis massa sed elementum tempus. Consectetur adipiscing elit pellentesque habitant morbi tristique senectus et. Aliquam eleifend mi in nulla posuere. Amet luctus venenatis lectus magna fringilla urna. Mattis ullamcorper velit sed ullamcorper morbi. At imperdiet dui accumsan sit. Nisi quis eleifend quam adipiscing vitae proin sagittis nisl rhoncus. Volutpat sed cras ornare arcu. Rhoncus aenean vel elit scelerisque mauris. Condimentum lacinia quis vel eros donec ac. Elementum pulvinar etiam non quam lacus suspendisse faucibus.</span></span></p>\r\n\r\n<p style=\"text-align:justify\"><span style=\"font-family:Times New Roman,Times,serif\"><span style=\"font-size:18px\">Et ultrices neque ornare aenean euismod elementum. Phasellus faucibus scelerisque eleifend donec pretium vulputate sapien nec sagittis. Purus non enim praesent elementum. Feugiat pretium nibh ipsum consequat nisl. Vel facilisis volutpat est velit egestas dui. Non enim praesent elementum facilisis leo vel. Molestie ac feugiat sed lectus. Sit amet consectetur adipiscing elit ut aliquam purus sit amet. Et odio pellentesque diam volutpat commodo sed egestas. Egestas sed tempus urna et pharetra pharetra massa massa. Massa ultricies mi quis hendrerit.</span></span></p>\r\n\r\n<p style=\"text-align:justify\"><span style=\"font-family:Times New Roman,Times,serif\"><span style=\"font-size:18px\">Ipsum dolor sit amet consectetur adipiscing elit pellentesque habitant. Purus sit amet volutpat consequat mauris nunc congue. Nisi porta lorem mollis aliquam ut porttitor leo a. Vel pretium lectus quam id. Tincidunt arcu non sodales neque sodales ut etiam. Orci ac auctor augue mauris. Praesent tristique magna sit amet purus gravida quis blandit turpis. Blandit turpis cursus in hac habitasse. Velit ut tortor pretium viverra suspendisse potenti. Egestas congue quisque egestas diam in arcu cursus euismod quis. Viverra maecenas accumsan lacus vel facilisis volutpat. Sem integer vitae justo eget. Quis hendrerit dolor magna eget est lorem ipsum dolor sit. Amet venenatis urna cursus eget nunc scelerisque. Feugiat nisl pretium fusce id velit ut. Dis parturient montes nascetur ridiculus mus mauris. Urna neque viverra justo nec. Scelerisque eu ultrices vitae auctor eu augue ut lectus arcu. Integer vitae justo eget magna fermentum iaculis. Elit ut aliquam purus sit.</span></span></p>\r\n\r\n<p style=\"text-align:justify\"><span style=\"font-family:Times New Roman,Times,serif\"><span style=\"font-size:18px\">Egestas congue quisque egestas diam. Vulputate eu scelerisque felis imperdiet proin fermentum leo vel orci. Molestie nunc non blandit massa enim nec. Egestas tellus rutrum tellus pellentesque. Consectetur lorem donec massa sapien faucibus et. Eu feugiat pretium nibh ipsum consequat nisl. Elit pellentesque habitant morbi tristique senectus et netus. Diam sit amet nisl suscipit. Eget nullam non nisi est sit. Ipsum dolor sit amet consectetur adipiscing.</span></span></p>\r\n\r\n<p style=\"text-align:justify\"><span style=\"font-family:Times New Roman,Times,serif\"><span style=\"font-size:18px\">Nec ultrices dui sapien eget mi proin sed. Scelerisque varius morbi enim nunc faucibus a pellentesque. Blandit turpis cursus in hac habitasse platea dictumst quisque sagittis. Cursus metus aliquam eleifend mi in nulla posuere sollicitudin. Dolor magna eget est lorem ipsum dolor sit. Aliquam ultrices sagittis orci a scelerisque purus. Magna fringilla urna porttitor rhoncus dolor purus non enim praesent. Felis eget velit aliquet sagittis id consectetur purus ut. Lectus arcu bibendum at varius vel pharetra. In nibh mauris cursus mattis molestie. Ut venenatis tellus in metus. Mattis molestie a iaculis at erat pellentesque adipiscing commodo. Aenean pharetra magna ac placerat. Volutpat consequat mauris nunc congue nisi vitae suscipit tellus mauris.</span></span></p>\r\n\r\n<p style=\"text-align:justify\"><span style=\"font-family:Times New Roman,Times,serif\"><span style=\"font-size:18px\">At urna condimentum mattis pellentesque id nibh. Commodo viverra maecenas accumsan lacus. Urna cursus eget nunc scelerisque viverra mauris. Morbi tempus iaculis urna id volutpat. Fringilla urna porttitor rhoncus dolor purus non enim. Id semper risus in hendrerit gravida rutrum quisque. Ut aliquam purus sit amet luctus venenatis lectus magna. Dolor sit amet consectetur adipiscing elit pellentesque. Euismod nisi porta lorem mollis aliquam ut porttitor. Tristique nulla aliquet enim tortor. Augue neque gravida in fermentum et sollicitudin ac. Est ante in nibh mauris. Scelerisque eleifend donec pretium vulputate sapien nec sagittis aliquam malesuada. Elementum curabitur vitae nunc sed. Morbi tincidunt augue interdum velit euismod in pellentesque. Lectus proin nibh nisl condimentum id venenatis. Adipiscing elit ut aliquam purus sit amet. Vulputate ut pharetra sit amet.</span></span></p>\r\n\r\n<p style=\"text-align:justify\"><span style=\"font-family:Times New Roman,Times,serif\"><span style=\"font-size:18px\">Ut pharetra sit amet aliquam id diam maecenas ultricies. Sit amet dictum sit amet justo. Ipsum faucibus vitae aliquet nec ullamcorper sit amet. Aliquam eleifend mi in nulla posuere sollicitudin. Urna nunc id cursus metus aliquam. Facilisis leo vel fringilla est ullamcorper. Vehicula ipsum a arcu cursus. Metus vulputate eu scelerisque felis imperdiet. Accumsan tortor posuere ac ut consequat semper viverra nam. Tincidunt dui ut ornare lectus. Sed vulputate mi sit amet mauris commodo quis. Congue eu consequat ac felis donec. Amet mattis vulputate enim nulla aliquet porttitor.</span></span></p>\r\n\r\n<p style=\"text-align:justify\"><span style=\"font-family:Times New Roman,Times,serif\"><span style=\"font-size:18px\">Fermentum dui faucibus in ornare quam. Pellentesque habitant morbi tristique senectus et. Auctor augue mauris augue neque gravida. Platea dictumst quisque sagittis purus. Amet aliquam id diam maecenas ultricies mi eget mauris. Mauris in aliquam sem fringilla ut morbi. Risus viverra adipiscing at in tellus integer. Mollis nunc sed id semper risus. Leo integer malesuada nunc vel risus commodo. Nulla porttitor massa id neque aliquam vestibulum morbi. Enim sit amet venenatis urna cursus eget. Sollicitudin tempor id eu nisl nunc mi ipsum faucibus. Arcu non sodales neque sodales ut etiam sit.</span></span></p>\r\n\r\n<p style=\"text-align:justify\"><span style=\"font-family:Times New Roman,Times,serif\"><span style=\"font-size:18px\">Eros donec ac odio tempor orci dapibus ultrices in. Consectetur adipiscing elit duis tristique. Nibh mauris cursus mattis molestie a iaculis at erat. Hac habitasse platea dictumst vestibulum rhoncus est pellentesque elit. Tristique sollicitudin nibh sit amet commodo. Nibh nisl condimentum id venenatis a condimentum vitae sapien pellentesque. Nulla facilisi nullam vehicula ipsum a. Ornare arcu dui vivamus arcu felis bibendum. Sit amet risus nullam eget felis eget nunc lobortis mattis. Faucibus et molestie ac feugiat sed lectus vestibulum mattis ullamcorper. Elit sed vulputate mi sit amet mauris commodo. Praesent tristique magna sit amet purus gravida quis blandit. Nisl condimentum id venenatis a condimentum.</span></span></p>\r\n\r\n<p style=\"text-align:justify\"><span style=\"font-family:Times New Roman,Times,serif\"><span style=\"font-size:18px\">Elementum pulvinar etiam non quam lacus suspendisse faucibus. Odio eu feugiat pretium nibh ipsum consequat nisl vel pretium. Pharetra et ultrices neque ornare aenean euismod elementum nisi quis. Nec feugiat nisl pretium fusce. Eget nullam non nisi est sit amet facilisis magna etiam. Eget egestas purus viverra accumsan in nisl. Et netus et malesuada fames ac turpis egestas sed tempus. Laoreet suspendisse interdum consectetur libero id faucibus nisl tincidunt eget. Tristique senectus et netus et. Erat imperdiet sed euismod nisi. Odio facilisis mauris sit amet massa vitae. Aliquet lectus proin nibh nisl. Donec adipiscing tristique risus nec feugiat in fermentum posuere. Neque volutpat ac tincidunt vitae semper. Ornare arcu odio ut sem nulla pharetra. Venenatis a condimentum vitae sapien pellentesque habitant morbi tristique senectus. In aliquam sem fringilla ut. Augue eget arcu dictum varius duis at consectetur lorem donec. Tempor commodo ullamcorper a lacus vestibulum sed arcu. Quis vel eros donec ac odio tempor orci.</span></span></p>\r\n', 'Trading', '1639461905', '2341392.jpg', 1, 1);
INSERT INTO `event` (`id`, `title`, `Description`, `content`, `category`, `date_created`, `image`, `status`, `user_id`) VALUES
(9, 'tes', 'babi', '<p>zzzzzzzzzzzzzzzzzzzzzzzzzzzzzzzzzzzzzzzzzzzzzzzzzzzzzzzzzzzzzzzzzzzzzzzzzzzzzzzzzzzzzzzzzzzzzz</p>\r\n', 'Cryptocurrency', '1639292102', 'petruk.jpg', 0, 1);

-- --------------------------------------------------------

--
-- Struktur dari tabel `list_menu`
--

CREATE TABLE `list_menu` (
  `id` int(11) NOT NULL,
  `menu` varchar(128) NOT NULL
) ENGINE=InnoDB DEFAULT CHARSET=utf8mb4;

--
-- Dumping data untuk tabel `list_menu`
--

INSERT INTO `list_menu` (`id`, `menu`) VALUES
(1, 'admin'),
(2, 'member');

-- --------------------------------------------------------

--
-- Struktur dari tabel `materi`
--

CREATE TABLE `materi` (
  `id` int(11) NOT NULL,
  `title` varchar(128) NOT NULL,
  `file` varchar(128) NOT NULL,
  `category` varchar(128) NOT NULL,
  `date_created` varchar(128) NOT NULL,
  `status` int(11) NOT NULL
) ENGINE=InnoDB DEFAULT CHARSET=utf8mb4;

--
-- Dumping data untuk tabel `materi`
--

INSERT INTO `materi` (`id`, `title`, `file`, `category`, `date_created`, `status`) VALUES
(1, 'dasar trading', 'dasartrading.pdf', 'trading', '1638966450', 1),
(2, 'cryptocurrency', 'Cryptocurrency.pdf', 'cryptocurrency', '1638966450', 1),
(8, 'tes', 'Soal_Pretest_Junior_Web_Developer.pdf', 'Cryptocurrency', '1639292293', 0);

-- --------------------------------------------------------

--
-- Struktur dari tabel `role`
--

CREATE TABLE `role` (
  `id` int(11) NOT NULL,
  `role` varchar(128) NOT NULL
) ENGINE=InnoDB DEFAULT CHARSET=utf8mb4;

--
-- Dumping data untuk tabel `role`
--

INSERT INTO `role` (`id`, `role`) VALUES
(1, 'administrator'),
(2, 'member');

-- --------------------------------------------------------

--
-- Struktur dari tabel `sub_menu`
--

CREATE TABLE `sub_menu` (
  `id` int(11) NOT NULL,
  `sub_menu` varchar(128) NOT NULL,
  `icon` varchar(128) NOT NULL,
  `url` varchar(128) NOT NULL,
  `is_active` int(11) NOT NULL,
  `list_menu_id` int(11) NOT NULL
) ENGINE=InnoDB DEFAULT CHARSET=utf8mb4;

--
-- Dumping data untuk tabel `sub_menu`
--

INSERT INTO `sub_menu` (`id`, `sub_menu`, `icon`, `url`, `is_active`, `list_menu_id`) VALUES
(1, 'profile', 'fa fa-fw fa-user', 'Member/profile', 1, 2),
(2, 'events', 'fas fa-fw fa-bullhorn', 'Member/event', 1, 2),
(3, 'materi', 'fas fa-fw fa-folder', 'Member/materi', 1, 2),
(4, 'home', 'fas fa-fw fa-fire', 'Administrator/index', 1, 1),
(5, 'users', 'fas fa-fw fa-users', 'Administrator/manageUser', 1, 1),
(6, 'materi', 'fas fa-fw fa-folder', 'Administrator/manageMateri', 1, 1),
(7, 'events', 'fas fa-fw fa-bullhorn', 'Administrator/manageEvent', 1, 1),
(8, 'role access', 'fas fa-fw fa-tasks', 'Administrator/manageRole', 1, 1);

-- --------------------------------------------------------

--
-- Struktur dari tabel `user`
--

CREATE TABLE `user` (
  `id` int(11) NOT NULL,
  `name` varchar(128) NOT NULL,
  `email` varchar(128) NOT NULL,
  `password` varchar(128) NOT NULL,
  `phone` varchar(13) NOT NULL,
  `image` varchar(128) NOT NULL,
  `description` text NOT NULL,
  `role` int(13) NOT NULL,
  `is_active` int(11) NOT NULL
) ENGINE=InnoDB DEFAULT CHARSET=utf8mb4;

--
-- Dumping data untuk tabel `user`
--

INSERT INTO `user` (`id`, `name`, `email`, `password`, `phone`, `image`, `description`, `role`, `is_active`) VALUES
(1, 'habib al bay', 'emzob30@gmail.com', '$2y$10$vUu3Q6duk.cHRS1o.vbhcuNktnNgzZJXZxVqTZo8hV5qGKAIHB/h6', '0881036881755', 'andre-benz-1214056-unsplash.jpg', 'Lorem, ipsum dolor sit amet consectetur adipisicing elit. Fugit ipsam eum tempore laboriosam aut nemo sunt fugiat? Ipsam pariatur ipsum laboriosam vitae adipisci aliquam soluta?Lorem, ipsum dolor sit amet consectetur adipisicing elit. Fugit ipsam eum tempore laboriosam aut nemo sunt fugiat? Ipsam pariatur ipsum laboriosam vitae adipisci aliquam soluta?Lorem, ipsum dolor sit amet consectetur adipisicing elit. Fugit ipsam eum tempore laboriosam aut nemo sunt fugiat? Ipsam pariatur ipsum laboriosam vitae adipisci aliquam soluta?', 1, 1),
(2, 'indy ramadhan ', 'indy@gmail.com', '$2y$10$UxZwh0kXb5Mnwnia.ox/WOjgIWVmIkBXk3lgBQO1cOIftHKh2xgAK', '089776523234', 'avatar-1.png', 'Lorem, ipsum dolor sit amet consectetur adipisicing elit. Fugit ipsam eum tempore laboriosam aut nemo sunt fugiat? Ipsam pariatur ipsum laboriosam vitae adipisci aliquam soluta?', 2, 1),
(3, 'tomi', '2@gmail.com', '$2y$10$MT9IAt4C3m.KwMcCNI3P/e77D6zEC97iT.Qj6v4ie1.NhrR8aXZhW', '0881036881755', 'avatar-1.png', '      Lorem ipsum dolor sit amet consectetur adipisicing elit. Rerum possimus dignissimos ad eius atque recusandae iure reprehenderit assumenda maiores ab nulla non id eveniet deserunt quisquam velit quam sunt, optio minima vitae suscipit praesentium! Perspiciatis quaerat maiores illum earum at.', 2, 0);

--
-- Indexes for dumped tables
--

--
-- Indeks untuk tabel `access_menu`
--
ALTER TABLE `access_menu`
  ADD PRIMARY KEY (`id`);

--
-- Indeks untuk tabel `event`
--
ALTER TABLE `event`
  ADD PRIMARY KEY (`id`);

--
-- Indeks untuk tabel `list_menu`
--
ALTER TABLE `list_menu`
  ADD PRIMARY KEY (`id`);

--
-- Indeks untuk tabel `materi`
--
ALTER TABLE `materi`
  ADD PRIMARY KEY (`id`);

--
-- Indeks untuk tabel `role`
--
ALTER TABLE `role`
  ADD PRIMARY KEY (`id`);

--
-- Indeks untuk tabel `sub_menu`
--
ALTER TABLE `sub_menu`
  ADD PRIMARY KEY (`id`);

--
-- Indeks untuk tabel `user`
--
ALTER TABLE `user`
  ADD PRIMARY KEY (`id`);

--
-- AUTO_INCREMENT untuk tabel yang dibuang
--

--
-- AUTO_INCREMENT untuk tabel `access_menu`
--
ALTER TABLE `access_menu`
  MODIFY `id` int(11) NOT NULL AUTO_INCREMENT, AUTO_INCREMENT=16;

--
-- AUTO_INCREMENT untuk tabel `event`
--
ALTER TABLE `event`
  MODIFY `id` int(11) NOT NULL AUTO_INCREMENT, AUTO_INCREMENT=10;

--
-- AUTO_INCREMENT untuk tabel `list_menu`
--
ALTER TABLE `list_menu`
  MODIFY `id` int(11) NOT NULL AUTO_INCREMENT, AUTO_INCREMENT=3;

--
-- AUTO_INCREMENT untuk tabel `materi`
--
ALTER TABLE `materi`
  MODIFY `id` int(11) NOT NULL AUTO_INCREMENT, AUTO_INCREMENT=9;

--
-- AUTO_INCREMENT untuk tabel `role`
--
ALTER TABLE `role`
  MODIFY `id` int(11) NOT NULL AUTO_INCREMENT, AUTO_INCREMENT=3;

--
-- AUTO_INCREMENT untuk tabel `sub_menu`
--
ALTER TABLE `sub_menu`
  MODIFY `id` int(11) NOT NULL AUTO_INCREMENT, AUTO_INCREMENT=9;

--
-- AUTO_INCREMENT untuk tabel `user`
--
ALTER TABLE `user`
  MODIFY `id` int(11) NOT NULL AUTO_INCREMENT, AUTO_INCREMENT=4;
COMMIT;

/*!40101 SET CHARACTER_SET_CLIENT=@OLD_CHARACTER_SET_CLIENT */;
/*!40101 SET CHARACTER_SET_RESULTS=@OLD_CHARACTER_SET_RESULTS */;
/*!40101 SET COLLATION_CONNECTION=@OLD_COLLATION_CONNECTION */;
